Workbook
Name Labortage: Termine!$B$22:$B$41
Name PauseEnde: Termine!$D$45
Name PauseStart: Termine!$B$45

Sheet Arbeitsplan
A1: Arbeitsplan — Dynamik Keltischer Wackelsteine | F1: Stand: | G1: =TODAY() -> 46317
B2: Legende (Namen überschreibbar): | C2: Kristijan | D2: Janosch | E2: Beide | F2: offen | J2: ◆ | K2: Abgabe | M2: ● | N2: Praktikumstag | Q2: Praktikumspause | T2: aktuelle KW | W2: Gruppe (Summe)
A3: Projektpraktikum WS 26/27 · Universität Ulm · Kristijan & Janosch
A4: Nr | B4: Aufgabe | C4: Wer | D4: Start | E4: Ende | F4: Tage | G4: Status | H4: Typ | J4: KW 42 | K4: KW 43 | L4: KW 44 | M4: KW 45 | N4: KW 46 | O4: KW 47 | P4: KW 48 | Q4: KW 49 | R4: KW 50 | S4: KW 51 | T4: KW 52 | U4: KW 53 | V4: KW 1 | W4: KW 2 | X4: KW 3 | Y4: KW 4 | Z4: KW 5 | AA4: KW 6 | AB4: KW 7 | AC4: KW 8 | AD4: KW 9 | AE4: KW 10 | AF4: KW 11
J5: 46307 | K5: 46314 | L5: 46321 | M5: 46328 | N5: 46335 | O5: 46342 | P5: 46349 | Q5: 46356 | R5: 46363 | S5: 46370 | T5: 46377 | U5: 46384 | V5: 46391 | W5: 46398 | X5: 46405 | Y5: 46412 | Z5: 46419 | AA5: 46426 | AB5: 46433 | AC5: 46440 | AD5: 46447 | AE5: 46454 | AF5: 46461
J6: =J5+6 -> 46313 | K6: =K5+6 -> 46320 | L6: =L5+6 -> 46327 | M6: =M5+6 -> 46334 | N6: =N5+6 -> 46341 | O6: =O5+6 -> 46348 | P6: =P5+6 -> 46355 | Q6: =Q5+6 -> 46362 | ... AF6: =AF5+6 -> 46467
B7: ◆ Abgaben (Moodle / Portal) | J7: =REPT("◆",COUNTIFS($D$9:$D$85,">="&J$5,$D$9:$D$85,"<="&J$6,$H$9:$H$85,"M")) -> ◆ | K7: =REPT("◆",COUNTIFS($D$9:$D$85,">="&K$5,$D$9:$D$85,"<="&K$6,$H$9:$H$85,"M")) -> ◆ | L7: =REPT("◆",COUNTIFS($D$9:$D$85,">="&L$5,$D$9:$D$85,"<="&L$6,$H$9:$H$85,"M")) -> ◆ | M7: =REPT("◆",COUNTIFS($D$9:$D$85,">="&M$5,$D$9:$D$85,"<="&M$6,$H$9:$H$85,"M")) | N7: =REPT("◆",COUNTIFS($D$9:$D$85,">="&N$5,$D$9:$D$85,"<="&N$6,$H$9:$H$85,"M")) -> ◆ | O7: =REPT("◆",COUNTIFS($D$9:$D$85,">="&O$5,$D$9:$D$85,"<="&O$6,$H$9:$H$85,"M")) | P7: =REPT("◆",COUNTIFS($D$9:$D$85,">="&P$5,$D$9:$D$85,"<="&P$6,$H$9:$H$85,"M")) | Q7: =REPT("◆",COUNTIFS($D$9:$D$85,">="&Q$5,$D$9:$D$85,"<="&Q$6,$H$9:$H$85,"M")) | ... AF7: =REPT("◆",COUNTIFS($D$9:$D$85,">="&AF$5,$D$9:$D$85,"<="&AF$6,$H$9:$H$85,"M")) -> ◆
B8: ● Praktikumstage | J8: =IF(COUNTIFS(Labortage,">="&J$5,Labortage,"<="&J$6)>0,"●","") -> ● | K8: =IF(COUNTIFS(Labortage,">="&K$5,Labortage,"<="&K$6)>0,"●","") -> ● | L8: =IF(COUNTIFS(Labortage,">="&L$5,Labortage,"<="&L$6)>0,"●","") -> ● | M8: =IF(COUNTIFS(Labortage,">="&M$5,Labortage,"<="&M$6)>0,"●","") -> ● | N8: =IF(COUNTIFS(Labortage,">="&N$5,Labortage,"<="&N$6)>0,"●","") -> ● | O8: =IF(COUNTIFS(Labortage,">="&O$5,Labortage,"<="&O$6)>0,"●","") -> ● | P8: =IF(COUNTIFS(Labortage,">="&P$5,Labortage,"<="&P$6)>0,"●","") -> ● | Q8: =IF(COUNTIFS(Labortage,">="&Q$5,Labortage,"<="&Q$6)>0,"●","") -> ● | ... AF8: =IF(COUNTIFS(Labortage,">="&AF$5,Labortage,"<="&AF$6)>0,"●","")
A9: 1 | B9: Theorie & Literatur | D9: =MIN(D10:D16) -> 46310 | E9: =MAX(E10:E16) -> 46373 | F9: =IF(H9="M","",E9-D9+1) -> 64 | G9: =IFERROR(COUNTIFS(G10:G16,"erledigt",H10:H16,"<>G")/COUNTIFS(H10:H16,"<>G"),0) -> 0 | H9: G | J9: =IF(AND($D9<=J$6,$E9>=J$5),1,"") -> 1 | K9: =IF(AND($D9<=K$6,$E9>=K$5),1,"") -> 1 | L9: =IF(AND($D9<=L$6,$E9>=L$5),1,"") -> 1 | M9: =IF(AND($D9<=M$6,$E9>=M$5),1,"") -> 1 | N9: =IF(AND($D9<=N$6,$E9>=N$5),1,"") -> 1 | O9: =IF(AND($D9<=O$6,$E9>=O$5),1,"") -> 1 | P9: =IF(AND($D9<=P$6,$E9>=P$5),1,"") -> 1 | Q9: =IF(AND($D9<=Q$6,$E9>=Q$5),1,"") -> 1 | ... AF9: =IF(AND($D9<=AF$6,$E9>=AF$5),1,"")
A10: 1.1 | B10: Literaturrecherche (Web of Science, Google Scholar) | C10: Beide | D10: 46310 | E10: 46330 | F10: =IF(H10="M","",E10-D10+1) -> 21 | G10: offen | H10: A | J10: =IF(AND($D10<=J$6,$E10>=J$5),1,"") -> 1 | K10: =IF(AND($D10<=K$6,$E10>=K$5),1,"") -> 1 | L10: =IF(AND($D10<=L$6,$E10>=L$5),1,"") -> 1 | M10: =IF(AND($D10<=M$6,$E10>=M$5),1,"") -> 1 | N10: =IF(AND($D10<=N$6,$E10>=N$5),1,"") | O10: =IF(AND($D10<=O$6,$E10>=O$5),1,"") | P10: =IF(AND($D10<=P$6,$E10>=P$5),1,"") | Q10: =IF(AND($D10<=Q$6,$E10>=Q$5),1,"") | ... AF10: =IF(AND($D10<=AF$6,$E10>=AF$5),1,"")
A11: 1.2 | B11: Paper wählen | C11: Beide | D11: 46324 | E11: 46330 | F11: =IF(H11="M","",E11-D11+1) -> 7 | G11: offen | H11: A | J11: =IF(AND($D11<=J$6,$E11>=J$5),1,"") | K11: =IF(AND($D11<=K$6,$E11>=K$5),1,"") | L11: =IF(AND($D11<=L$6,$E11>=L$5),1,"") -> 1 | M11: =IF(AND($D11<=M$6,$E11>=M$5),1,"") -> 1 | N11: =IF(AND($D11<=N$6,$E11>=N$5),1,"") | O11: =IF(AND($D11<=O$6,$E11>=O$5),1,"") | P11: =IF(AND($D11<=P$6,$E11>=P$5),1,"") | Q11: =IF(AND($D11<=Q$6,$E11>=Q$5),1,"") | ... AF11: =IF(AND($D11<=AF$6,$E11>=AF$5),1,"")
A12: 1.3 | B12: Paper durcharbeiten | C12: Beide | D12: 46331 | E12: 46336 | F12: =IF(H12="M","",E12-D12+1) -> 6 | G12: offen | H12: A | J12: =IF(AND($D12<=J$6,$E12>=J$5),1,"") | K12: =IF(AND($D12<=K$6,$E12>=K$5),1,"") | L12: =IF(AND($D12<=L$6,$E12>=L$5),1,"") | M12: =IF(AND($D12<=M$6,$E12>=M$5),1,"") -> 1 | N12: =IF(AND($D12<=N$6,$E12>=N$5),1,"") -> 1 | O12: =IF(AND($D12<=O$6,$E12>=O$5),1,"") | P12: =IF(AND($D12<=P$6,$E12>=P$5),1,"") | Q12: =IF(AND($D12<=Q$6,$E12>=Q$5),1,"") | ... AF12: =IF(AND($D12<=AF$6,$E12>=AF$5),1,"")
A13: 1.4 | B13: Bewegungsgleichungen | C13: Kristijan | D13: 46324 | E13: 46351 | F13: =IF(H13="M","",E13-D13+1) -> 28 | G13: offen | H13: A | J13: =IF(AND($D13<=J$6,$E13>=J$5),1,"") | K13: =IF(AND($D13<=K$6,$E13>=K$5),1,"") | L13: =IF(AND($D13<=L$6,$E13>=L$5),1,"") -> 1 | M13: =IF(AND($D13<=M$6,$E13>=M$5),1,"") -> 1 | N13: =IF(AND($D13<=N$6,$E13>=N$5),1,"") -> 1 | O13: =IF(AND($D13<=O$6,$E13>=O$5),1,"") -> 1 | P13: =IF(AND($D13<=P$6,$E13>=P$5),1,"") -> 1 | Q13: =IF(AND($D13<=Q$6,$E13>=Q$5),1,"") | ... AF13: =IF(AND($D13<=AF$6,$E13>=AF$5),1,"")
A14: 1.5 | B14: Körperparameter, Trägheitstensor und Trägheitsachsen aus STL | C14: Janosch | D14: 46324 | E14: 46351 | F14: =IF(H14="M","",E14-D14+1) -> 28 | G14: offen | H14: A | J14: =IF(AND($D14<=J$6,$E14>=J$5),1,"") | K14: =IF(AND($D14<=K$6,$E14>=K$5),1,"") | L14: =IF(AND($D14<=L$6,$E14>=L$5),1,"") -> 1 | M14: =IF(AND($D14<=M$6,$E14>=M$5),1,"") -> 1 | N14: =IF(AND($D14<=N$6,$E14>=N$5),1,"") -> 1 | O14: =IF(AND($D14<=O$6,$E14>=O$5),1,"") -> 1 | P14: =IF(AND($D14<=P$6,$E14>=P$5),1,"") -> 1 | Q14: =IF(AND($D14<=Q$6,$E14>=Q$5),1,"") | ... AF14: =IF(AND($D14<=AF$6,$E14>=AF$5),1,"")
A15: 1.6 | B15: Simulation Umkehrdynamik (numerisch) + Moden und Energiebilanz | C15: Kristijan | D15: 46345 | E15: 46373 | F15: =IF(H15="M","",E15-D15+1) -> 29 | G15: offen | H15: A | J15: =IF(AND($D15<=J$6,$E15>=J$5),1,"") | K15: =IF(AND($D15<=K$6,$E15>=K$5),1,"") | L15: =IF(AND($D15<=L$6,$E15>=L$5),1,"") | M15: =IF(AND($D15<=M$6,$E15>=M$5),1,"") | N15: =IF(AND($D15<=N$6,$E15>=N$5),1,"") | O15: =IF(AND($D15<=O$6,$E15>=O$5),1,"") -> 1 | P15: =IF(AND($D15<=P$6,$E15>=P$5),1,"") -> 1 | Q15: =IF(AND($D15<=Q$6,$E15>=Q$5),1,"") -> 1 | ... AF15: =IF(AND($D15<=AF$6,$E15>=AF$5),1,"")
A16: 1.7 | B16: Vorhersage Umkehrzeit vs. Anfangs-ω und δ | C16: Janosch | D16: 46345 | E16: 46373 | F16: =IF(H16="M","",E16-D16+1) -> 29 | G16: offen | H16: A | J16: =IF(AND($D16<=J$6,$E16>=J$5),1,"") | K16: =IF(AND($D16<=K$6,$E16>=K$5),1,"") | L16: =IF(AND($D16<=L$6,$E16>=L$5),1,"") | M16: =IF(AND($D16<=M$6,$E16>=M$5),1,"") | N16: =IF(AND($D16<=N$6,$E16>=N$5),1,"") | O16: =IF(AND($D16<=O$6,$E16>=O$5),1,"") -> 1 | P16: =IF(AND($D16<=P$6,$E16>=P$5),1,"") -> 1 | Q16: =IF(AND($D16<=Q$6,$E16>=Q$5),1,"") -> 1 | ... AF16: =IF(AND($D16<=AF$6,$E16>=AF$5),1,"")
A17: 2 | B17: Materialien | D17: =MIN(D18:D39) -> 46307 | E17: =MAX(E18:E39) -> 46352 | F17: =IF(H17="M","",E17-D17+1) -> 46 | G17: =IFERROR(COUNTIFS(G18:G39,"erledigt",H18:H39,"<>G")/COUNTIFS(H18:H39,"<>G"),0) -> 0 | H17: G | J17: =IF(AND($D17<=J$6,$E17>=J$5),1,"") -> 1 | K17: =IF(AND($D17<=K$6,$E17>=K$5),1,"") -> 1 | L17: =IF(AND($D17<=L$6,$E17>=L$5),1,"") -> 1 | M17: =IF(AND($D17<=M$6,$E17>=M$5),1,"") -> 1 | N17: =IF(AND($D17<=N$6,$E17>=N$5),1,"") -> 1 | O17: =IF(AND($D17<=O$6,$E17>=O$5),1,"") -> 1 | P17: =IF(AND($D17<=P$6,$E17>=P$5),1,"") -> 1 | Q17: =IF(AND($D17<=Q$6,$E17>=Q$5),1,"") | ... AF17: =IF(AND($D17<=AF$6,$E17>=AF$5),1,"")
A18: 2.1 | B18: Sensor | D18: =MIN(D19:D27) -> 46307 | E18: =MAX(E19:E27) -> 46352 | F18: =IF(H18="M","",E18-D18+1) -> 46 | G18: =IFERROR(COUNTIFS(G19:G27,"erledigt",H19:H27,"<>G")/COUNTIFS(H19:H27,"<>G"),0) -> 0 | H18: G | J18: =IF(AND($D18<=J$6,$E18>=J$5),1,"") -> 1 | K18: =IF(AND($D18<=K$6,$E18>=K$5),1,"") -> 1 | L18: =IF(AND($D18<=L$6,$E18>=L$5),1,"") -> 1 | M18: =IF(AND($D18<=M$6,$E18>=M$5),1,"") -> 1 | N18: =IF(AND($D18<=N$6,$E18>=N$5),1,"") -> 1 | O18: =IF(AND($D18<=O$6,$E18>=O$5),1,"") -> 1 | P18: =IF(AND($D18<=P$6,$E18>=P$5),1,"") -> 1 | Q18: =IF(AND($D18<=Q$6,$E18>=Q$5),1,"") | ... AF18: =IF(AND($D18<=AF$6,$E18>=AF$5),1,"")
A19: 2.1.1 | B19: Sensor und Akku festlegen | C19: Beide | D19: 46307 | E19: 46314 | F19: =IF(H19="M","",E19-D19+1) -> 8 | G19: offen | H19: A | J19: =IF(AND($D19<=J$6,$E19>=J$5),1,"") -> 1 | K19: =IF(AND($D19<=K$6,$E19>=K$5),1,"") -> 1 | L19: =IF(AND($D19<=L$6,$E19>=L$5),1,"") | M19: =IF(AND($D19<=M$6,$E19>=M$5),1,"") | N19: =IF(AND($D19<=N$6,$E19>=N$5),1,"") | O19: =IF(AND($D19<=O$6,$E19>=O$5),1,"") | P19: =IF(AND($D19<=P$6,$E19>=P$5),1,"") | Q19: =IF(AND($D19<=Q$6,$E19>=Q$5),1,"") | ... AF19: =IF(AND($D19<=AF$6,$E19>=AF$5),1,"")
A20: 2.1.2 | B20: Auftrag E-Werkstatt | D20: =MIN(D21:D25) -> 46317 | E20: =MAX(E21:E25) -> 46335 | F20: =IF(H20="M","",E20-D20+1) -> 19 | G20: =IFERROR(COUNTIFS(G21:G25,"erledigt",H21:H25,"<>G")/COUNTIFS(H21:H25,"<>G"),0) -> 0 | H20: G | J20: =IF(AND($D20<=J$6,$E20>=J$5),1,"") | K20: =IF(AND($D20<=K$6,$E20>=K$5),1,"") -> 1 | L20: =IF(AND($D20<=L$6,$E20>=L$5),1,"") -> 1 | M20: =IF(AND($D20<=M$6,$E20>=M$5),1,"") -> 1 | N20: =IF(AND($D20<=N$6,$E20>=N$5),1,"") -> 1 | O20: =IF(AND($D20<=O$6,$E20>=O$5),1,"") | P20: =IF(AND($D20<=P$6,$E20>=P$5),1,"") | Q20: =IF(AND($D20<=Q$6,$E20>=Q$5),1,"") | ... AF20: =IF(AND($D20<=AF$6,$E20>=AF$5),1,"")
A21: 2.1.2.1 | B21: Bauteile vorhanden? | C21: Beide | D21: 46317 | E21: 46321 | F21: =IF(H21="M","",E21-D21+1) -> 5 | G21: läuft | H21: A | J21: =IF(AND($D21<=J$6,$E21>=J$5),1,"") | K21: =IF(AND($D21<=K$6,$E21>=K$5),1,"") -> 1 | L21: =IF(AND($D21<=L$6,$E21>=L$5),1,"") -> 1 | M21: =IF(AND($D21<=M$6,$E21>=M$5),1,"") | N21: =IF(AND($D21<=N$6,$E21>=N$5),1,"") | O21: =IF(AND($D21<=O$6,$E21>=O$5),1,"") | P21: =IF(AND($D21<=P$6,$E21>=P$5),1,"") | Q21: =IF(AND($D21<=Q$6,$E21>=Q$5),1,"") | ... AF21: =IF(AND($D21<=AF$6,$E21>=AF$5),1,"")
A22: 2.1.2.2 | B22: Auftrag formulieren | C22: Beide | D22: 46317 | E22: 46323 | F22: =IF(H22="M","",E22-D22+1) -> 7 | G22: läuft | H22: A | J22: =IF(AND($D22<=J$6,$E22>=J$5),1,"") | K22: =IF(AND($D22<=K$6,$E22>=K$5),1,"") -> 1 | L22: =IF(AND($D22<=L$6,$E22>=L$5),1,"") -> 1 | M22: =IF(AND($D22<=M$6,$E22>=M$5),1,"") | N22: =IF(AND($D22<=N$6,$E22>=N$5),1,"") | O22: =IF(AND($D22<=O$6,$E22>=O$5),1,"") | P22: =IF(AND($D22<=P$6,$E22>=P$5),1,"") | Q22: =IF(AND($D22<=Q$6,$E22>=Q$5),1,"") | ... AF22: =IF(AND($D22<=AF$6,$E22>=AF$5),1,"")
A23: 2.1.2.3 | B23: Bauteile vorbeibringen | C23: Beide | D23: 46324 | E23: 46324 | F23: =IF(H23="M","",E23-D23+1) -> 1 | G23: offen | H23: A | J23: =IF(AND($D23<=J$6,$E23>=J$5),1,"") | K23: =IF(AND($D23<=K$6,$E23>=K$5),1,"") | L23: =IF(AND($D23<=L$6,$E23>=L$5),1,"") -> 1 | M23: =IF(AND($D23<=M$6,$E23>=M$5),1,"") | N23: =IF(AND($D23<=N$6,$E23>=N$5),1,"") | O23: =IF(AND($D23<=O$6,$E23>=O$5),1,"") | P23: =IF(AND($D23<=P$6,$E23>=P$5),1,"") | Q23: =IF(AND($D23<=Q$6,$E23>=Q$5),1,"") | ... AF23: =IF(AND($D23<=AF$6,$E23>=AF$5),1,"")
A24: 2.1.2.4 | B24: Bearbeitung E-Werkstatt (extern, Wartezeit) | C24: offen | D24: 46325 | E24: 46328 | F24: =IF(H24="M","",E24-D24+1) -> 4 | G24: offen | H24: A | J24: =IF(AND($D24<=J$6,$E24>=J$5),1,"") | K24: =IF(AND($D24<=K$6,$E24>=K$5),1,"") | L24: =IF(AND($D24<=L$6,$E24>=L$5),1,"") -> 1 | M24: =IF(AND($D24<=M$6,$E24>=M$5),1,"") -> 1 | N24: =IF(AND($D24<=N$6,$E24>=N$5),1,"") | O24: =IF(AND($D24<=O$6,$E24>=O$5),1,"") | P24: =IF(AND($D24<=P$6,$E24>=P$5),1,"") | Q24: =IF(AND($D24<=Q$6,$E24>=Q$5),1,"") | ... AF24: =IF(AND($D24<=AF$6,$E24>=AF$5),1,"")
A25: 2.1.2.5 | B25: Platine abholen + Funktionstest | C25: Beide | D25: 46328 | E25: 46335 | F25: =IF(H25="M","",E25-D25+1) -> 8 | G25: offen | H25: A | J25: =IF(AND($D25<=J$6,$E25>=J$5),1,"") | K25: =IF(AND($D25<=K$6,$E25>=K$5),1,"") | L25: =IF(AND($D25<=L$6,$E25>=L$5),1,"") | M25: =IF(AND($D25<=M$6,$E25>=M$5),1,"") -> 1 | N25: =IF(AND($D25<=N$6,$E25>=N$5),1,"") -> 1 | O25: =IF(AND($D25<=O$6,$E25>=O$5),1,"") | P25: =IF(AND($D25<=P$6,$E25>=P$5),1,"") | Q25: =IF(AND($D25<=Q$6,$E25>=Q$5),1,"") | ... AF25: =IF(AND($D25<=AF$6,$E25>=AF$5),1,"")
A26: 2.1.3 | B26: Firmware: auslesen + loggen/streamen | C26: Kristijan | D26: 46331 | E26: 46352 | F26: =IF(H26="M","",E26-D26+1) -> 22 | G26: offen | H26: A | J26: =IF(AND($D26<=J$6,$E26>=J$5),1,"") | K26: =IF(AND($D26<=K$6,$E26>=K$5),1,"") | L26: =IF(AND($D26<=L$6,$E26>=L$5),1,"") | M26: =IF(AND($D26<=M$6,$E26>=M$5),1,"") -> 1 | N26: =IF(AND($D26<=N$6,$E26>=N$5),1,"") -> 1 | O26: =IF(AND($D26<=O$6,$E26>=O$5),1,"") -> 1 | P26: =IF(AND($D26<=P$6,$E26>=P$5),1,"") -> 1 | Q26: =IF(AND($D26<=Q$6,$E26>=Q$5),1,"") | ... AF26: =IF(AND($D26<=AF$6,$E26>=AF$5),1,"")
A27: 2.1.4 | B27: Kalibrierung (Gyro-Bias, Achsen) | C27: Kristijan | D27: 46331 | E27: 46352 | F27: =IF(H27="M","",E27-D27+1) -> 22 | G27: offen | H27: A | J27: =IF(AND($D27<=J$6,$E27>=J$5),1,"") | K27: =IF(AND($D27<=K$6,$E27>=K$5),1,"") | L27: =IF(AND($D27<=L$6,$E27>=L$5),1,"") | M27: =IF(AND($D27<=M$6,$E27>=M$5),1,"") -> 1 | N27: =IF(AND($D27<=N$6,$E27>=N$5),1,"") -> 1 | O27: =IF(AND($D27<=O$6,$E27>=O$5),1,"") -> 1 | P27: =IF(AND($D27<=P$6,$E27>=P$5),1,"") -> 1 | Q27: =IF(AND($D27<=Q$6,$E27>=Q$5),1,"") | ... AF27: =IF(AND($D27<=AF$6,$E27>=AF$5),1,"")
A28: 2.2 | B28: Wackelstein | D28: =MIN(D29:D39) -> 46307 | E28: =MAX(E29:E39) -> 46338 | F28: =IF(H28="M","",E28-D28+1) -> 32 | G28: =IFERROR(COUNTIFS(G29:G39,"erledigt",H29:H39,"<>G")/COUNTIFS(H29:H39,"<>G"),0) -> 0 | H28: G | J28: =IF(AND($D28<=J$6,$E28>=J$5),1,"") -> 1 | K28: =IF(AND($D28<=K$6,$E28>=K$5),1,"") -> 1 | L28: =IF(AND($D28<=L$6,$E28>=L$5),1,"") -> 1 | M28: =IF(AND($D28<=M$6,$E28>=M$5),1,"") -> 1 | N28: =IF(AND($D28<=N$6,$E28>=N$5),1,"") -> 1 | O28: =IF(AND($D28<=O$6,$E28>=O$5),1,"") | P28: =IF(AND($D28<=P$6,$E28>=P$5),1,"") | Q28: =IF(AND($D28<=Q$6,$E28>=Q$5),1,"") | ... AF28: =IF(AND($D28<=AF$6,$E28>=AF$5),1,"")
A29: 2.2.1 | B29: Prototyp (nur Stein) | D29: =MIN(D30:D35) -> 46307 | E29: =MAX(E30:E35) -> 46334 | F29: =IF(H29="M","",E29-D29+1) -> 28 | G29: =IFERROR(COUNTIFS(G30:G35,"erledigt",H30:H35,"<>G")/COUNTIFS(H30:H35,"<>G"),0) -> 0 | H29: G | J29: =IF(AND($D29<=J$6,$E29>=J$5),1,"") -> 1 | K29: =IF(AND($D29<=K$6,$E29>=K$5),1,"") -> 1 | L29: =IF(AND($D29<=L$6,$E29>=L$5),1,"") -> 1 | M29: =IF(AND($D29<=M$6,$E29>=M$5),1,"") -> 1 | N29: =IF(AND($D29<=N$6,$E29>=N$5),1,"") | O29: =IF(AND($D29<=O$6,$E29>=O$5),1,"") | P29: =IF(AND($D29<=P$6,$E29>=P$5),1,"") | Q29: =IF(AND($D29<=Q$6,$E29>=Q$5),1,"") | ... AF29: =IF(AND($D29<=AF$6,$E29>=AF$5),1,"")
A30: 2.2.1.1 | B30: STL erstellen für Teststeine | C30: Janosch | D30: 46307 | E30: 46314 | F30: =IF(H30="M","",E30-D30+1) -> 8 | G30: offen | H30: A | J30: =IF(AND($D30<=J$6,$E30>=J$5),1,"") -> 1 | K30: =IF(AND($D30<=K$6,$E30>=K$5),1,"") -> 1 | L30: =IF(AND($D30<=L$6,$E30>=L$5),1,"") | M30: =IF(AND($D30<=M$6,$E30>=M$5),1,"") | N30: =IF(AND($D30<=N$6,$E30>=N$5),1,"") | O30: =IF(AND($D30<=O$6,$E30>=O$5),1,"") | P30: =IF(AND($D30<=P$6,$E30>=P$5),1,"") | Q30: =IF(AND($D30<=Q$6,$E30>=Q$5),1,"") | ... AF30: =IF(AND($D30<=AF$6,$E30>=AF$5),1,"")
A31: 2.2.1.2 | B31: STL drucken lassen | C31: Janosch | D31: 46314 | E31: 46324 | F31: =IF(H31="M","",E31-D31+1) -> 11 | G31: läuft | H31: A | J31: =IF(AND($D31<=J$6,$E31>=J$5),1,"") | K31: =IF(AND($D31<=K$6,$E31>=K$5),1,"") -> 1 | L31: =IF(AND($D31<=L$6,$E31>=L$5),1,"") -> 1 | M31: =IF(AND($D31<=M$6,$E31>=M$5),1,"") | N31: =IF(AND($D31<=N$6,$E31>=N$5),1,"") | O31: =IF(AND($D31<=O$6,$E31>=O$5),1,"") | P31: =IF(AND($D31<=P$6,$E31>=P$5),1,"") | Q31: =IF(AND($D31<=Q$6,$E31>=Q$5),1,"") | ... AF31: =IF(AND($D31<=AF$6,$E31>=AF$5),1,"")
A32: 2.2.1.3 | B32: 3D-Druck schleifen | C32: Beide | D32: 46324 | E32: 46324 | F32: =IF(H32="M","",E32-D32+1) -> 1 | G32: offen | H32: A | J32: =IF(AND($D32<=J$6,$E32>=J$5),1,"") | K32: =IF(AND($D32<=K$6,$E32>=K$5),1,"") | L32: =IF(AND($D32<=L$6,$E32>=L$5),1,"") -> 1 | M32: =IF(AND($D32<=M$6,$E32>=M$5),1,"") | N32: =IF(AND($D32<=N$6,$E32>=N$5),1,"") | O32: =IF(AND($D32<=O$6,$E32>=O$5),1,"") | P32: =IF(AND($D32<=P$6,$E32>=P$5),1,"") | Q32: =IF(AND($D32<=Q$6,$E32>=Q$5),1,"") | ... AF32: =IF(AND($D32<=AF$6,$E32>=AF$5),1,"")
A33: 2.2.1.4 | B33: Funktionalität testen | C33: Beide | D33: 46324 | E33: 46324 | F33: =IF(H33="M","",E33-D33+1) -> 1 | G33: offen | H33: A | J33: =IF(AND($D33<=J$6,$E33>=J$5),1,"") | K33: =IF(AND($D33<=K$6,$E33>=K$5),1,"") | L33: =IF(AND($D33<=L$6,$E33>=L$5),1,"") -> 1 | M33: =IF(AND($D33<=M$6,$E33>=M$5),1,"") | N33: =IF(AND($D33<=N$6,$E33>=N$5),1,"") | O33: =IF(AND($D33<=O$6,$E33>=O$5),1,"") | P33: =IF(AND($D33<=P$6,$E33>=P$5),1,"") | Q33: =IF(AND($D33<=Q$6,$E33>=Q$5),1,"") | ... AF33: =IF(AND($D33<=AF$6,$E33>=AF$5),1,"")
A34: 2.2.1.5 | B34: Mögliche Verbesserungen vornehmen | C34: Beide | D34: 46324 | E34: 46331 | F34: =IF(H34="M","",E34-D34+1) -> 8 | G34: offen | H34: A | J34: =IF(AND($D34<=J$6,$E34>=J$5),1,"") | K34: =IF(AND($D34<=K$6,$E34>=K$5),1,"") | L34: =IF(AND($D34<=L$6,$E34>=L$5),1,"") -> 1 | M34: =IF(AND($D34<=M$6,$E34>=M$5),1,"") -> 1 | N34: =IF(AND($D34<=N$6,$E34>=N$5),1,"") | O34: =IF(AND($D34<=O$6,$E34>=O$5),1,"") | P34: =IF(AND($D34<=P$6,$E34>=P$5),1,"") | Q34: =IF(AND($D34<=Q$6,$E34>=Q$5),1,"") | ... AF34: =IF(AND($D34<=AF$6,$E34>=AF$5),1,"")
A35: 2.2.1.6 | B35: Neuer Prototyp | C35: Janosch | D35: 46331 | E35: 46334 | F35: =IF(H35="M","",E35-D35+1) -> 4 | G35: offen | H35: A | J35: =IF(AND($D35<=J$6,$E35>=J$5),1,"") | K35: =IF(AND($D35<=K$6,$E35>=K$5),1,"") | L35: =IF(AND($D35<=L$6,$E35>=L$5),1,"") | M35: =IF(AND($D35<=M$6,$E35>=M$5),1,"") -> 1 | N35: =IF(AND($D35<=N$6,$E35>=N$5),1,"") | O35: =IF(AND($D35<=O$6,$E35>=O$5),1,"") | P35: =IF(AND($D35<=P$6,$E35>=P$5),1,"") | Q35: =IF(AND($D35<=Q$6,$E35>=Q$5),1,"") | ... AF35: =IF(AND($D35<=AF$6,$E35>=AF$5),1,"")
A36: 2.2.2 | B36: Messkörper mit Sensorfach | D36: =MIN(D37:D39) -> 46331 | E36: =MAX(E37:E39) -> 46338 | F36: =IF(H36="M","",E36-D36+1) -> 8 | G36: =IFERROR(COUNTIFS(G37:G39,"erledigt",H37:H39,"<>G")/COUNTIFS(H37:H39,"<>G"),0) -> 0 | H36: G | J36: =IF(AND($D36<=J$6,$E36>=J$5),1,"") | K36: =IF(AND($D36<=K$6,$E36>=K$5),1,"") | L36: =IF(AND($D36<=L$6,$E36>=L$5),1,"") | M36: =IF(AND($D36<=M$6,$E36>=M$5),1,"") -> 1 | N36: =IF(AND($D36<=N$6,$E36>=N$5),1,"") -> 1 | O36: =IF(AND($D36<=O$6,$E36>=O$5),1,"") | P36: =IF(AND($D36<=P$6,$E36>=P$5),1,"") | Q36: =IF(AND($D36<=Q$6,$E36>=Q$5),1,"") | ... AF36: =IF(AND($D36<=AF$6,$E36>=AF$5),1,"")
A37: 2.2.2.1 | B37: CAD: Sensorfach, Masse ausbalancieren | C37: Janosch | D37: 46335 | E37: 46335 | F37: =IF(H37="M","",E37-D37+1) -> 1 | G37: offen | H37: A | J37: =IF(AND($D37<=J$6,$E37>=J$5),1,"") | K37: =IF(AND($D37<=K$6,$E37>=K$5),1,"") | L37: =IF(AND($D37<=L$6,$E37>=L$5),1,"") | M37: =IF(AND($D37<=M$6,$E37>=M$5),1,"") | N37: =IF(AND($D37<=N$6,$E37>=N$5),1,"") -> 1 | O37: =IF(AND($D37<=O$6,$E37>=O$5),1,"") | P37: =IF(AND($D37<=P$6,$E37>=P$5),1,"") | Q37: =IF(AND($D37<=Q$6,$E37>=Q$5),1,"") | ... AF37: =IF(AND($D37<=AF$6,$E37>=AF$5),1,"")
A38: 2.2.2.2 | B38: Drucken + Sensor einbauen | C38: Janosch | D38: 46331 | E38: 46338 | F38: =IF(H38="M","",E38-D38+1) -> 8 | G38: offen | H38: A | J38: =IF(AND($D38<=J$6,$E38>=J$5),1,"") | K38: =IF(AND($D38<=K$6,$E38>=K$5),1,"") | L38: =IF(AND($D38<=L$6,$E38>=L$5),1,"") | M38: =IF(AND($D38<=M$6,$E38>=M$5),1,"") -> 1 | N38: =IF(AND($D38<=N$6,$E38>=N$5),1,"") -> 1 | O38: =IF(AND($D38<=O$6,$E38>=O$5),1,"") | P38: =IF(AND($D38<=P$6,$E38>=P$5),1,"") | Q38: =IF(AND($D38<=Q$6,$E38>=Q$5),1,"") | ... AF38: =IF(AND($D38<=AF$6,$E38>=AF$5),1,"")
A39: 2.2.2.3 | B39: Masse + Schwerpunkt nachmessen | C39: Janosch | D39: 46338 | E39: 46338 | F39: =IF(H39="M","",E39-D39+1) -> 1 | G39: offen | H39: A | J39: =IF(AND($D39<=J$6,$E39>=J$5),1,"") | K39: =IF(AND($D39<=K$6,$E39>=K$5),1,"") | L39: =IF(AND($D39<=L$6,$E39>=L$5),1,"") | M39: =IF(AND($D39<=M$6,$E39>=M$5),1,"") | N39: =IF(AND($D39<=N$6,$E39>=N$5),1,"") -> 1 | O39: =IF(AND($D39<=O$6,$E39>=O$5),1,"") | P39: =IF(AND($D39<=P$6,$E39>=P$5),1,"") | Q39: =IF(AND($D39<=Q$6,$E39>=Q$5),1,"") | ... AF39: =IF(AND($D39<=AF$6,$E39>=AF$5),1,"")
A40: 3 | B40: Versuchsaufbau | D40: =MIN(D41:D48) -> 46317 | E40: =MAX(E41:E48) -> 46370 | F40: =IF(H40="M","",E40-D40+1) -> 54 | G40: =IFERROR(COUNTIFS(G41:G48,"erledigt",H41:H48,"<>G")/COUNTIFS(H41:H48,"<>G"),0) -> 0 | H40: G | J40: =IF(AND($D40<=J$6,$E40>=J$5),1,"") | K40: =IF(AND($D40<=K$6,$E40>=K$5),1,"") -> 1 | L40: =IF(AND($D40<=L$6,$E40>=L$5),1,"") -> 1 | M40: =IF(AND($D40<=M$6,$E40>=M$5),1,"") -> 1 | N40: =IF(AND($D40<=N$6,$E40>=N$5),1,"") -> 1 | O40: =IF(AND($D40<=O$6,$E40>=O$5),1,"") -> 1 | P40: =IF(AND($D40<=P$6,$E40>=P$5),1,"") -> 1 | Q40: =IF(AND($D40<=Q$6,$E40>=Q$5),1,"") -> 1 | ... AF40: =IF(AND($D40<=AF$6,$E40>=AF$5),1,"")
A41: 3.1 | B41: Glasplatte | D41: =MIN(D42:D46) -> 46317 | E41: =MAX(E42:E46) -> 46324 | F41: =IF(H41="M","",E41-D41+1) -> 8 | G41: =IFERROR(COUNTIFS(G42:G46,"erledigt",H42:H46,"<>G")/COUNTIFS(H42:H46,"<>G"),0) -> 0 | H41: G | J41: =IF(AND($D41<=J$6,$E41>=J$5),1,"") | K41: =IF(AND($D41<=K$6,$E41>=K$5),1,"") -> 1 | L41: =IF(AND($D41<=L$6,$E41>=L$5),1,"") -> 1 | M41: =IF(AND($D41<=M$6,$E41>=M$5),1,"") | N41: =IF(AND($D41<=N$6,$E41>=N$5),1,"") | O41: =IF(AND($D41<=O$6,$E41>=O$5),1,"") | P41: =IF(AND($D41<=P$6,$E41>=P$5),1,"") | Q41: =IF(AND($D41<=Q$6,$E41>=Q$5),1,"") | ... AF41: =IF(AND($D41<=AF$6,$E41>=AF$5),1,"")
A42: 3.1.1 | B42: Glasplatte besorgen (30 cm × 30 cm) | C42: Beide | D42: 46317 | E42: 46324 | F42: =IF(H42="M","",E42-D42+1) -> 8 | G42: offen | H42: A | J42: =IF(AND($D42<=J$6,$E42>=J$5),1,"") | K42: =IF(AND($D42<=K$6,$E42>=K$5),1,"") -> 1 | L42: =IF(AND($D42<=L$6,$E42>=L$5),1,"") -> 1 | M42: =IF(AND($D42<=M$6,$E42>=M$5),1,"") | N42: =IF(AND($D42<=N$6,$E42>=N$5),1,"") | O42: =IF(AND($D42<=O$6,$E42>=O$5),1,"") | P42: =IF(AND($D42<=P$6,$E42>=P$5),1,"") | Q42: =IF(AND($D42<=Q$6,$E42>=Q$5),1,"") | ... AF42: =IF(AND($D42<=AF$6,$E42>=AF$5),1,"")
A43: 3.1.2 | B43: Glasplatte testen | D43: =MIN(D44:D45) -> 46324 | E43: =MAX(E44:E45) -> 46324 | F43: =IF(H43="M","",E43-D43+1) -> 1 | G43: =IFERROR(COUNTIFS(G44:G45,"erledigt",H44:H45,"<>G")/COUNTIFS(H44:H45,"<>G"),0) -> 0 | H43: G | J43: =IF(AND($D43<=J$6,$E43>=J$5),1,"") | K43: =IF(AND($D43<=K$6,$E43>=K$5),1,"") | L43: =IF(AND($D43<=L$6,$E43>=L$5),1,"") -> 1 | M43: =IF(AND($D43<=M$6,$E43>=M$5),1,"") | N43: =IF(AND($D43<=N$6,$E43>=N$5),1,"") | O43: =IF(AND($D43<=O$6,$E43>=O$5),1,"") | P43: =IF(AND($D43<=P$6,$E43>=P$5),1,"") | Q43: =IF(AND($D43<=Q$6,$E43>=Q$5),1,"") | ... AF43: =IF(AND($D43<=AF$6,$E43>=AF$5),1,"")
A44: 3.1.2.1 | B44: Reibung (Haftreibung → Rollen ohne Gleiten?) | C44: Beide | D44: 46324 | E44: 46324 | F44: =IF(H44="M","",E44-D44+1) -> 1 | G44: offen | H44: A | J44: =IF(AND($D44<=J$6,$E44>=J$5),1,"") | K44: =IF(AND($D44<=K$6,$E44>=K$5),1,"") | L44: =IF(AND($D44<=L$6,$E44>=L$5),1,"") -> 1 | M44: =IF(AND($D44<=M$6,$E44>=M$5),1,"") | N44: =IF(AND($D44<=N$6,$E44>=N$5),1,"") | O44: =IF(AND($D44<=O$6,$E44>=O$5),1,"") | P44: =IF(AND($D44<=P$6,$E44>=P$5),1,"") | Q44: =IF(AND($D44<=Q$6,$E44>=Q$5),1,"") | ... AF44: =IF(AND($D44<=AF$6,$E44>=AF$5),1,"")
A45: 3.1.2.2 | B45: Oberfläche (Ebenheit, Kratzer, Sauberkeit) | C45: Beide | D45: 46324 | E45: 46324 | F45: =IF(H45="M","",E45-D45+1) -> 1 | G45: offen | H45: A | J45: =IF(AND($D45<=J$6,$E45>=J$5),1,"") | K45: =IF(AND($D45<=K$6,$E45>=K$5),1,"") | L45: =IF(AND($D45<=L$6,$E45>=L$5),1,"") -> 1 | M45: =IF(AND($D45<=M$6,$E45>=M$5),1,"") | N45: =IF(AND($D45<=N$6,$E45>=N$5),1,"") | O45: =IF(AND($D45<=O$6,$E45>=O$5),1,"") | P45: =IF(AND($D45<=P$6,$E45>=P$5),1,"") | Q45: =IF(AND($D45<=Q$6,$E45>=Q$5),1,"") | ... AF45: =IF(AND($D45<=AF$6,$E45>=AF$5),1,"")
A46: 3.1.3 | B46: Nivellieren (Wasserwaage) | C46: Janosch | D46: 46324 | E46: 46324 | F46: =IF(H46="M","",E46-D46+1) -> 1 | G46: offen | H46: A | J46: =IF(AND($D46<=J$6,$E46>=J$5),1,"") | K46: =IF(AND($D46<=K$6,$E46>=K$5),1,"") | L46: =IF(AND($D46<=L$6,$E46>=L$5),1,"") -> 1 | M46: =IF(AND($D46<=M$6,$E46>=M$5),1,"") | N46: =IF(AND($D46<=N$6,$E46>=N$5),1,"") | O46: =IF(AND($D46<=O$6,$E46>=O$5),1,"") | P46: =IF(AND($D46<=P$6,$E46>=P$5),1,"") | Q46: =IF(AND($D46<=Q$6,$E46>=Q$5),1,"") | ... AF46: =IF(AND($D46<=AF$6,$E46>=AF$5),1,"")
A47: 3.2 | B47: Video drehen (zum präsentieren) | C47: Kristijan | D47: 46324 | E47: 46370 | F47: =IF(H47="M","",E47-D47+1) -> 47 | G47: offen | H47: A | J47: =IF(AND($D47<=J$6,$E47>=J$5),1,"") | K47: =IF(AND($D47<=K$6,$E47>=K$5),1,"") | L47: =IF(AND($D47<=L$6,$E47>=L$5),1,"") -> 1 | M47: =IF(AND($D47<=M$6,$E47>=M$5),1,"") -> 1 | N47: =IF(AND($D47<=N$6,$E47>=N$5),1,"") -> 1 | O47: =IF(AND($D47<=O$6,$E47>=O$5),1,"") -> 1 | P47: =IF(AND($D47<=P$6,$E47>=P$5),1,"") -> 1 | Q47: =IF(AND($D47<=Q$6,$E47>=Q$5),1,"") -> 1 | ... AF47: =IF(AND($D47<=AF$6,$E47>=AF$5),1,"")
A48: 3.3 | B48: Reproduzierbarer Anstoß (definiertes Anfangs-ω) | C48: offen | D48: 46324 | E48: 46370 | F48: =IF(H48="M","",E48-D48+1) -> 47 | G48: offen | H48: A | J48: =IF(AND($D48<=J$6,$E48>=J$5),1,"") | K48: =IF(AND($D48<=K$6,$E48>=K$5),1,"") | L48: =IF(AND($D48<=L$6,$E48>=L$5),1,"") -> 1 | M48: =IF(AND($D48<=M$6,$E48>=M$5),1,"") -> 1 | N48: =IF(AND($D48<=N$6,$E48>=N$5),1,"") -> 1 | O48: =IF(AND($D48<=O$6,$E48>=O$5),1,"") -> 1 | P48: =IF(AND($D48<=P$6,$E48>=P$5),1,"") -> 1 | Q48: =IF(AND($D48<=Q$6,$E48>=Q$5),1,"") -> 1 | ... AF48: =IF(AND($D48<=AF$6,$E48>=AF$5),1,"")
A49: 4 | B49: Messungen | D49: =MIN(D50:D55) -> 46310 | E49: =MAX(E50:E55) -> 46429 | F49: =IF(H49="M","",E49-D49+1) -> 120 | G49: =IFERROR(COUNTIFS(G50:G55,"erledigt",H50:H55,"<>G")/COUNTIFS(H50:H55,"<>G"),0) -> 0 | H49: G | J49: =IF(AND($D49<=J$6,$E49>=J$5),1,"") -> 1 | K49: =IF(AND($D49<=K$6,$E49>=K$5),1,"") -> 1 | L49: =IF(AND($D49<=L$6,$E49>=L$5),1,"") -> 1 | M49: =IF(AND($D49<=M$6,$E49>=M$5),1,"") -> 1 | N49: =IF(AND($D49<=N$6,$E49>=N$5),1,"") -> 1 | O49: =IF(AND($D49<=O$6,$E49>=O$5),1,"") -> 1 | P49: =IF(AND($D49<=P$6,$E49>=P$5),1,"") -> 1 | Q49: =IF(AND($D49<=Q$6,$E49>=Q$5),1,"") -> 1 | ... AF49: =IF(AND($D49<=AF$6,$E49>=AF$5),1,"")
A50: 4.1 | B50: Laborjournal führen | C50: Beide | D50: 46310 | E50: 46429 | F50: =IF(H50="M","",E50-D50+1) -> 120 | G50: offen | H50: A | J50: =IF(AND($D50<=J$6,$E50>=J$5),1,"") -> 1 | K50: =IF(AND($D50<=K$6,$E50>=K$5),1,"") -> 1 | L50: =IF(AND($D50<=L$6,$E50>=L$5),1,"") -> 1 | M50: =IF(AND($D50<=M$6,$E50>=M$5),1,"") -> 1 | N50: =IF(AND($D50<=N$6,$E50>=N$5),1,"") -> 1 | O50: =IF(AND($D50<=O$6,$E50>=O$5),1,"") -> 1 | P50: =IF(AND($D50<=P$6,$E50>=P$5),1,"") -> 1 | Q50: =IF(AND($D50<=Q$6,$E50>=Q$5),1,"") -> 1 | ... AF50: =IF(AND($D50<=AF$6,$E50>=AF$5),1,"")
A51: 4.2 | B51: Testmessung kompletter Aufbau | C51: Beide | D51: 46359 | E51: 46363 | F51: =IF(H51="M","",E51-D51+1) -> 5 | G51: offen | H51: A | J51: =IF(AND($D51<=J$6,$E51>=J$5),1,"") | K51: =IF(AND($D51<=K$6,$E51>=K$5),1,"") | L51: =IF(AND($D51<=L$6,$E51>=L$5),1,"") | M51: =IF(AND($D51<=M$6,$E51>=M$5),1,"") | N51: =IF(AND($D51<=N$6,$E51>=N$5),1,"") | O51: =IF(AND($D51<=O$6,$E51>=O$5),1,"") | P51: =IF(AND($D51<=P$6,$E51>=P$5),1,"") | Q51: =IF(AND($D51<=Q$6,$E51>=Q$5),1,"") -> 1 | ... AF51: =IF(AND($D51<=AF$6,$E51>=AF$5),1,"")
A52: 4.3 | B52: Messreihe 1: Spin-Umkehr, Anfangs-ω variiert | C52: Beide | D52: 46363 | E52: 46408 | F52: =IF(H52="M","",E52-D52+1) -> 46 | G52: offen | H52: A | J52: =IF(AND($D52<=J$6,$E52>=J$5),1,"") | K52: =IF(AND($D52<=K$6,$E52>=K$5),1,"") | L52: =IF(AND($D52<=L$6,$E52>=L$5),1,"") | M52: =IF(AND($D52<=M$6,$E52>=M$5),1,"") | N52: =IF(AND($D52<=N$6,$E52>=N$5),1,"") | O52: =IF(AND($D52<=O$6,$E52>=O$5),1,"") | P52: =IF(AND($D52<=P$6,$E52>=P$5),1,"") | Q52: =IF(AND($D52<=Q$6,$E52>=Q$5),1,"") | ... AF52: =IF(AND($D52<=AF$6,$E52>=AF$5),1,"")
A53: 4.4 | B53: Messreihe 2: Nick- vs. Roll-Anregung | C53: Beide | D53: 46363 | E53: 46408 | F53: =IF(H53="M","",E53-D53+1) -> 46 | G53: offen | H53: A | J53: =IF(AND($D53<=J$6,$E53>=J$5),1,"") | K53: =IF(AND($D53<=K$6,$E53>=K$5),1,"") | L53: =IF(AND($D53<=L$6,$E53>=L$5),1,"") | M53: =IF(AND($D53<=M$6,$E53>=M$5),1,"") | N53: =IF(AND($D53<=N$6,$E53>=N$5),1,"") | O53: =IF(AND($D53<=O$6,$E53>=O$5),1,"") | P53: =IF(AND($D53<=P$6,$E53>=P$5),1,"") | Q53: =IF(AND($D53<=Q$6,$E53>=Q$5),1,"") | ... AF53: =IF(AND($D53<=AF$6,$E53>=AF$5),1,"")
A54: 4.5 | B54: Messreihe 3: Spin-Umkehr, δ variiert | C54: Beide | D54: 46363 | E54: 46408 | F54: =IF(H54="M","",E54-D54+1) -> 46 | G54: offen | H54: A | J54: =IF(AND($D54<=J$6,$E54>=J$5),1,"") | K54: =IF(AND($D54<=K$6,$E54>=K$5),1,"") | L54: =IF(AND($D54<=L$6,$E54>=L$5),1,"") | M54: =IF(AND($D54<=M$6,$E54>=M$5),1,"") | N54: =IF(AND($D54<=N$6,$E54>=N$5),1,"") | O54: =IF(AND($D54<=O$6,$E54>=O$5),1,"") | P54: =IF(AND($D54<=P$6,$E54>=P$5),1,"") | Q54: =IF(AND($D54<=Q$6,$E54>=Q$5),1,"") | ... AF54: =IF(AND($D54<=AF$6,$E54>=AF$5),1,"")
A55: 4.6 | B55: Nachmessungen / Puffer | C55: Beide | D55: 46408 | E55: 46429 | F55: =IF(H55="M","",E55-D55+1) -> 22 | G55: offen | H55: A | J55: =IF(AND($D55<=J$6,$E55>=J$5),1,"") | K55: =IF(AND($D55<=K$6,$E55>=K$5),1,"") | L55: =IF(AND($D55<=L$6,$E55>=L$5),1,"") | M55: =IF(AND($D55<=M$6,$E55>=M$5),1,"") | N55: =IF(AND($D55<=N$6,$E55>=N$5),1,"") | O55: =IF(AND($D55<=O$6,$E55>=O$5),1,"") | P55: =IF(AND($D55<=P$6,$E55>=P$5),1,"") | Q55: =IF(AND($D55<=Q$6,$E55>=Q$5),1,"") | ... AF55: =IF(AND($D55<=AF$6,$E55>=AF$5),1,"")
A56: 5 | B56: Auswertung | D56: =MIN(D57:D61) -> 46352 | E56: =MAX(E57:E61) -> 46406 | F56: =IF(H56="M","",E56-D56+1) -> 55 | G56: =IFERROR(COUNTIFS(G57:G61,"erledigt",H57:H61,"<>G")/COUNTIFS(H57:H61,"<>G"),0) -> 0 | H56: G | J56: =IF(AND($D56<=J$6,$E56>=J$5),1,"") | K56: =IF(AND($D56<=K$6,$E56>=K$5),1,"") | L56: =IF(AND($D56<=L$6,$E56>=L$5),1,"") | M56: =IF(AND($D56<=M$6,$E56>=M$5),1,"") | N56: =IF(AND($D56<=N$6,$E56>=N$5),1,"") | O56: =IF(AND($D56<=O$6,$E56>=O$5),1,"") | P56: =IF(AND($D56<=P$6,$E56>=P$5),1,"") -> 1 | Q56: =IF(AND($D56<=Q$6,$E56>=Q$5),1,"") -> 1 | ... AF56: =IF(AND($D56<=AF$6,$E56>=AF$5),1,"")
A57: 5.1 | B57: Datenpipeline Python | C57: Kristijan | D57: 46352 | E57: 46373 | F57: =IF(H57="M","",E57-D57+1) -> 22 | G57: offen | H57: A | J57: =IF(AND($D57<=J$6,$E57>=J$5),1,"") | K57: =IF(AND($D57<=K$6,$E57>=K$5),1,"") | L57: =IF(AND($D57<=L$6,$E57>=L$5),1,"") | M57: =IF(AND($D57<=M$6,$E57>=M$5),1,"") | N57: =IF(AND($D57<=N$6,$E57>=N$5),1,"") | O57: =IF(AND($D57<=O$6,$E57>=O$5),1,"") | P57: =IF(AND($D57<=P$6,$E57>=P$5),1,"") -> 1 | Q57: =IF(AND($D57<=Q$6,$E57>=Q$5),1,"") -> 1 | ... AF57: =IF(AND($D57<=AF$6,$E57>=AF$5),1,"")
A58: 5.2 | B58: Umkehrzeit + Wachstumsraten der Instabilität fitten | C58: Beide | D58: 46363 | E58: 46406 | F58: =IF(H58="M","",E58-D58+1) -> 44 | G58: offen | H58: A | J58: =IF(AND($D58<=J$6,$E58>=J$5),1,"") | K58: =IF(AND($D58<=K$6,$E58>=K$5),1,"") | L58: =IF(AND($D58<=L$6,$E58>=L$5),1,"") | M58: =IF(AND($D58<=M$6,$E58>=M$5),1,"") | N58: =IF(AND($D58<=N$6,$E58>=N$5),1,"") | O58: =IF(AND($D58<=O$6,$E58>=O$5),1,"") | P58: =IF(AND($D58<=P$6,$E58>=P$5),1,"") | Q58: =IF(AND($D58<=Q$6,$E58>=Q$5),1,"") | ... AF58: =IF(AND($D58<=AF$6,$E58>=AF$5),1,"")
A59: 5.3 | B59: Fehlerrechnung | C59: Beide | D59: 46363 | E59: 46406 | F59: =IF(H59="M","",E59-D59+1) -> 44 | G59: offen | H59: A | J59: =IF(AND($D59<=J$6,$E59>=J$5),1,"") | K59: =IF(AND($D59<=K$6,$E59>=K$5),1,"") | L59: =IF(AND($D59<=L$6,$E59>=L$5),1,"") | M59: =IF(AND($D59<=M$6,$E59>=M$5),1,"") | N59: =IF(AND($D59<=N$6,$E59>=N$5),1,"") | O59: =IF(AND($D59<=O$6,$E59>=O$5),1,"") | P59: =IF(AND($D59<=P$6,$E59>=P$5),1,"") | Q59: =IF(AND($D59<=Q$6,$E59>=Q$5),1,"") | ... AF59: =IF(AND($D59<=AF$6,$E59>=AF$5),1,"")
A60: 5.4 | B60: Vergleich Messung ↔ Theorie/Simulation | C60: Beide | D60: 46363 | E60: 46406 | F60: =IF(H60="M","",E60-D60+1) -> 44 | G60: offen | H60: A | J60: =IF(AND($D60<=J$6,$E60>=J$5),1,"") | K60: =IF(AND($D60<=K$6,$E60>=K$5),1,"") | L60: =IF(AND($D60<=L$6,$E60>=L$5),1,"") | M60: =IF(AND($D60<=M$6,$E60>=M$5),1,"") | N60: =IF(AND($D60<=N$6,$E60>=N$5),1,"") | O60: =IF(AND($D60<=O$6,$E60>=O$5),1,"") | P60: =IF(AND($D60<=P$6,$E60>=P$5),1,"") | Q60: =IF(AND($D60<=Q$6,$E60>=Q$5),1,"") | ... AF60: =IF(AND($D60<=AF$6,$E60>=AF$5),1,"")
A61: 5.5 | B61: Endauswertung inkl. Messreihe 3 | C61: Beide | D61: 46363 | E61: 46406 | F61: =IF(H61="M","",E61-D61+1) -> 44 | G61: offen | H61: A | J61: =IF(AND($D61<=J$6,$E61>=J$5),1,"") | K61: =IF(AND($D61<=K$6,$E61>=K$5),1,"") | L61: =IF(AND($D61<=L$6,$E61>=L$5),1,"") | M61: =IF(AND($D61<=M$6,$E61>=M$5),1,"") | N61: =IF(AND($D61<=N$6,$E61>=N$5),1,"") | O61: =IF(AND($D61<=O$6,$E61>=O$5),1,"") | P61: =IF(AND($D61<=P$6,$E61>=P$5),1,"") | Q61: =IF(AND($D61<=Q$6,$E61>=Q$5),1,"") | ... AF61: =IF(AND($D61<=AF$6,$E61>=AF$5),1,"")
A62: 6 | B62: Vortrag | D62: =MIN(D63:D66) -> 46401 | E62: =MAX(E63:E66) -> 46415 | F62: =IF(H62="M","",E62-D62+1) -> 15 | G62: =IFERROR(COUNTIFS(G63:G66,"erledigt",H63:H66,"<>G")/COUNTIFS(H63:H66,"<>G"),0) -> 0 | H62: G | J62: =IF(AND($D62<=J$6,$E62>=J$5),1,"") | K62: =IF(AND($D62<=K$6,$E62>=K$5),1,"") | L62: =IF(AND($D62<=L$6,$E62>=L$5),1,"") | M62: =IF(AND($D62<=M$6,$E62>=M$5),1,"") | N62: =IF(AND($D62<=N$6,$E62>=N$5),1,"") | O62: =IF(AND($D62<=O$6,$E62>=O$5),1,"") | P62: =IF(AND($D62<=P$6,$E62>=P$5),1,"") | Q62: =IF(AND($D62<=Q$6,$E62>=Q$5),1,"") | ... AF62: =IF(AND($D62<=AF$6,$E62>=AF$5),1,"")
A63: 6.1 | B63: Folien erstellen (Beamer-Vorlage, Zitate auf jeder Folie) | C63: Beide | D63: 46401 | E63: 46412 | F63: =IF(H63="M","",E63-D63+1) -> 12 | G63: offen | H63: A | J63: =IF(AND($D63<=J$6,$E63>=J$5),1,"") | K63: =IF(AND($D63<=K$6,$E63>=K$5),1,"") | L63: =IF(AND($D63<=L$6,$E63>=L$5),1,"") | M63: =IF(AND($D63<=M$6,$E63>=M$5),1,"") | N63: =IF(AND($D63<=N$6,$E63>=N$5),1,"") | O63: =IF(AND($D63<=O$6,$E63>=O$5),1,"") | P63: =IF(AND($D63<=P$6,$E63>=P$5),1,"") | Q63: =IF(AND($D63<=Q$6,$E63>=Q$5),1,"") | ... AF63: =IF(AND($D63<=AF$6,$E63>=AF$5),1,"")
A64: 6.2 | B64: Probevortrag | C64: Beide | D64: 46413 | E64: 46413 | F64: =IF(H64="M","",E64-D64+1) -> 1 | G64: offen | H64: A | J64: =IF(AND($D64<=J$6,$E64>=J$5),1,"") | K64: =IF(AND($D64<=K$6,$E64>=K$5),1,"") | L64: =IF(AND($D64<=L$6,$E64>=L$5),1,"") | M64: =IF(AND($D64<=M$6,$E64>=M$5),1,"") | N64: =IF(AND($D64<=N$6,$E64>=N$5),1,"") | O64: =IF(AND($D64<=O$6,$E64>=O$5),1,"") | P64: =IF(AND($D64<=P$6,$E64>=P$5),1,"") | Q64: =IF(AND($D64<=Q$6,$E64>=Q$5),1,"") | ... AF64: =IF(AND($D64<=AF$6,$E64>=AF$5),1,"")
A65: 6.3 | B65: ◆ Abgabe Folien + Zusatzmaterial | C65: Beide | D65: =Termine!$B$13 -> 46414 | E65: =D65 -> 46414 | F65: =IF(H65="M","",E65-D65+1) | G65: offen | H65: M | J65: =IF(AND($D65>=J$5,$D65<=J$6),"◆ "&MID("MoDiMiDoFrSaSo",WEEKDAY($D65,2)*2-1,2),"") | K65: =IF(AND($D65>=K$5,$D65<=K$6),"◆ "&MID("MoDiMiDoFrSaSo",WEEKDAY($D65,2)*2-1,2),"") | L65: =IF(AND($D65>=L$5,$D65<=L$6),"◆ "&MID("MoDiMiDoFrSaSo",WEEKDAY($D65,2)*2-1,2),"") | M65: =IF(AND($D65>=M$5,$D65<=M$6),"◆ "&MID("MoDiMiDoFrSaSo",WEEKDAY($D65,2)*2-1,2),"") | N65: =IF(AND($D65>=N$5,$D65<=N$6),"◆ "&MID("MoDiMiDoFrSaSo",WEEKDAY($D65,2)*2-1,2),"") | O65: =IF(AND($D65>=O$5,$D65<=O$6),"◆ "&MID("MoDiMiDoFrSaSo",WEEKDAY($D65,2)*2-1,2),"") | P65: =IF(AND($D65>=P$5,$D65<=P$6),"◆ "&MID("MoDiMiDoFrSaSo",WEEKDAY($D65,2)*2-1,2),"") | Q65: =IF(AND($D65>=Q$5,$D65<=Q$6),"◆ "&MID("MoDiMiDoFrSaSo",WEEKDAY($D65,2)*2-1,2),"") | ... AF65: =IF(AND($D65>=AF$5,$D65<=AF$6),"◆ "&MID("MoDiMiDoFrSaSo",WEEKDAY($D65,2)*2-1,2),"")
A66: 6.4 | B66: ◆ Vortrag (Prüfung, Anwesenheitspflicht) | C66: Beide | D66: =Termine!$B$14 -> 46415 | E66: =D66 -> 46415 | F66: =IF(H66="M","",E66-D66+1) | G66: offen | H66: M | J66: =IF(AND($D66>=J$5,$D66<=J$6),"◆ "&MID("MoDiMiDoFrSaSo",WEEKDAY($D66,2)*2-1,2),"") | K66: =IF(AND($D66>=K$5,$D66<=K$6),"◆ "&MID("MoDiMiDoFrSaSo",WEEKDAY($D66,2)*2-1,2),"") | L66: =IF(AND($D66>=L$5,$D66<=L$6),"◆ "&MID("MoDiMiDoFrSaSo",WEEKDAY($D66,2)*2-1,2),"") | M66: =IF(AND($D66>=M$5,$D66<=M$6),"◆ "&MID("MoDiMiDoFrSaSo",WEEKDAY($D66,2)*2-1,2),"") | N66: =IF(AND($D66>=N$5,$D66<=N$6),"◆ "&MID("MoDiMiDoFrSaSo",WEEKDAY($D66,2)*2-1,2),"") | O66: =IF(AND($D66>=O$5,$D66<=O$6),"◆ "&MID("MoDiMiDoFrSaSo",WEEKDAY($D66,2)*2-1,2),"") | P66: =IF(AND($D66>=P$5,$D66<=P$6),"◆ "&MID("MoDiMiDoFrSaSo",WEEKDAY($D66,2)*2-1,2),"") | Q66: =IF(AND($D66>=Q$5,$D66<=Q$6),"◆ "&MID("MoDiMiDoFrSaSo",WEEKDAY($D66,2)*2-1,2),"") | ... AF66: =IF(AND($D66>=AF$5,$D66<=AF$6),"◆ "&MID("MoDiMiDoFrSaSo",WEEKDAY($D66,2)*2-1,2),"")
A67: 7 | B67: Portfolio (jeder individuell) | D67: =MIN(D68:D85) -> 46310 | E67: =MAX(E68:E85) -> 46461 | F67: =IF(H67="M","",E67-D67+1) -> 152 | G67: =IFERROR(COUNTIFS(G68:G85,"erledigt",H68:H85,"<>G")/COUNTIFS(H68:H85,"<>G"),0) -> 0 | H67: G | J67: =IF(AND($D67<=J$6,$E67>=J$5),1,"") -> 1 | K67: =IF(AND($D67<=K$6,$E67>=K$5),1,"") -> 1 | L67: =IF(AND($D67<=L$6,$E67>=L$5),1,"") -> 1 | M67: =IF(AND($D67<=M$6,$E67>=M$5),1,"") -> 1 | N67: =IF(AND($D67<=N$6,$E67>=N$5),1,"") -> 1 | O67: =IF(AND($D67<=O$6,$E67>=O$5),1,"") -> 1 | P67: =IF(AND($D67<=P$6,$E67>=P$5),1,"") -> 1 | Q67: =IF(AND($D67<=Q$6,$E67>=Q$5),1,"") -> 1 | ... AF67: =IF(AND($D67<=AF$6,$E67>=AF$5),1,"") -> 1
A68: 7.1 | B68: ◆ Schwerpunktthema final | C68: Beide | D68: =Termine!$B$6 -> 46310 | E68: =D68 -> 46310 | F68: =IF(H68="M","",E68-D68+1) | G68: offen | H68: M | J68: =IF(AND($D68>=J$5,$D68<=J$6),"◆ "&MID("MoDiMiDoFrSaSo",WEEKDAY($D68,2)*2-1,2),"") -> ◆ Do | K68: =IF(AND($D68>=K$5,$D68<=K$6),"◆ "&MID("MoDiMiDoFrSaSo",WEEKDAY($D68,2)*2-1,2),"") | L68: =IF(AND($D68>=L$5,$D68<=L$6),"◆ "&MID("MoDiMiDoFrSaSo",WEEKDAY($D68,2)*2-1,2),"") | M68: =IF(AND($D68>=M$5,$D68<=M$6),"◆ "&MID("MoDiMiDoFrSaSo",WEEKDAY($D68,2)*2-1,2),"") | N68: =IF(AND($D68>=N$5,$D68<=N$6),"◆ "&MID("MoDiMiDoFrSaSo",WEEKDAY($D68,2)*2-1,2),"") | O68: =IF(AND($D68>=O$5,$D68<=O$6),"◆ "&MID("MoDiMiDoFrSaSo",WEEKDAY($D68,2)*2-1,2),"") | P68: =IF(AND($D68>=P$5,$D68<=P$6),"◆ "&MID("MoDiMiDoFrSaSo",WEEKDAY($D68,2)*2-1,2),"") | Q68: =IF(AND($D68>=Q$5,$D68<=Q$6),"◆ "&MID("MoDiMiDoFrSaSo",WEEKDAY($D68,2)*2-1,2),"") | ... AF68: =IF(AND($D68>=AF$5,$D68<=AF$6),"◆ "&MID("MoDiMiDoFrSaSo",WEEKDAY($D68,2)*2-1,2),"")
A69: 7.2 | B69: ◆ Motivationsformular | C69: Beide | D69: =Termine!$B$7 -> 46316 | E69: =D69 -> 46316 | F69: =IF(H69="M","",E69-D69+1) | G69: offen | H69: M | J69: =IF(AND($D69>=J$5,$D69<=J$6),"◆ "&MID("MoDiMiDoFrSaSo",WEEKDAY($D69,2)*2-1,2),"") | K69: =IF(AND($D69>=K$5,$D69<=K$6),"◆ "&MID("MoDiMiDoFrSaSo",WEEKDAY($D69,2)*2-1,2),"") -> ◆ Mi | L69: =IF(AND($D69>=L$5,$D69<=L$6),"◆ "&MID("MoDiMiDoFrSaSo",WEEKDAY($D69,2)*2-1,2),"") | M69: =IF(AND($D69>=M$5,$D69<=M$6),"◆ "&MID("MoDiMiDoFrSaSo",WEEKDAY($D69,2)*2-1,2),"") | N69: =IF(AND($D69>=N$5,$D69<=N$6),"◆ "&MID("MoDiMiDoFrSaSo",WEEKDAY($D69,2)*2-1,2),"") | O69: =IF(AND($D69>=O$5,$D69<=O$6),"◆ "&MID("MoDiMiDoFrSaSo",WEEKDAY($D69,2)*2-1,2),"") | P69: =IF(AND($D69>=P$5,$D69<=P$6),"◆ "&MID("MoDiMiDoFrSaSo",WEEKDAY($D69,2)*2-1,2),"") | Q69: =IF(AND($D69>=Q$5,$D69<=Q$6),"◆ "&MID("MoDiMiDoFrSaSo",WEEKDAY($D69,2)*2-1,2),"") | ... AF69: =IF(AND($D69>=AF$5,$D69<=AF$6),"◆ "&MID("MoDiMiDoFrSaSo",WEEKDAY($D69,2)*2-1,2),"")
A70: 7.3 | B70: Arbeitsplan + Reflexion schreiben | C70: Beide | D70: 46317 | E70: 46322 | F70: =IF(H70="M","",E70-D70+1) -> 6 | G70: läuft | H70: A | J70: =IF(AND($D70<=J$6,$E70>=J$5),1,"") | K70: =IF(AND($D70<=K$6,$E70>=K$5),1,"") -> 1 | L70: =IF(AND($D70<=L$6,$E70>=L$5),1,"") -> 1 | M70: =IF(AND($D70<=M$6,$E70>=M$5),1,"") | N70: =IF(AND($D70<=N$6,$E70>=N$5),1,"") | O70: =IF(AND($D70<=O$6,$E70>=O$5),1,"") | P70: =IF(AND($D70<=P$6,$E70>=P$5),1,"") | Q70: =IF(AND($D70<=Q$6,$E70>=Q$5),1,"") | ... AF70: =IF(AND($D70<=AF$6,$E70>=AF$5),1,"")
A71: 7.4 | B71: ◆ Abgabe Arbeitsplan + Reflexion | C71: Beide | D71: =Termine!$B$8 -> 46323 | E71: =D71 -> 46323 | F71: =IF(H71="M","",E71-D71+1) | G71: offen | H71: M | J71: =IF(AND($D71>=J$5,$D71<=J$6),"◆ "&MID("MoDiMiDoFrSaSo",WEEKDAY($D71,2)*2-1,2),"") | K71: =IF(AND($D71>=K$5,$D71<=K$6),"◆ "&MID("MoDiMiDoFrSaSo",WEEKDAY($D71,2)*2-1,2),"") | L71: =IF(AND($D71>=L$5,$D71<=L$6),"◆ "&MID("MoDiMiDoFrSaSo",WEEKDAY($D71,2)*2-1,2),"") -> ◆ Mi | M71: =IF(AND($D71>=M$5,$D71<=M$6),"◆ "&MID("MoDiMiDoFrSaSo",WEEKDAY($D71,2)*2-1,2),"") | N71: =IF(AND($D71>=N$5,$D71<=N$6),"◆ "&MID("MoDiMiDoFrSaSo",WEEKDAY($D71,2)*2-1,2),"") | O71: =IF(AND($D71>=O$5,$D71<=O$6),"◆ "&MID("MoDiMiDoFrSaSo",WEEKDAY($D71,2)*2-1,2),"") | P71: =IF(AND($D71>=P$5,$D71<=P$6),"◆ "&MID("MoDiMiDoFrSaSo",WEEKDAY($D71,2)*2-1,2),"") | Q71: =IF(AND($D71>=Q$5,$D71<=Q$6),"◆ "&MID("MoDiMiDoFrSaSo",WEEKDAY($D71,2)*2-1,2),"") | ... AF71: =IF(AND($D71>=AF$5,$D71<=AF$6),"◆ "&MID("MoDiMiDoFrSaSo",WEEKDAY($D71,2)*2-1,2),"")
A72: 7.5 | B72: ◆ Abgabe wissenschaftliche Arbeit + Reflexion | C72: Beide | D72: =Termine!$B$9 -> 46337 | E72: =D72 -> 46337 | F72: =IF(H72="M","",E72-D72+1) | G72: offen | H72: M | J72: =IF(AND($D72>=J$5,$D72<=J$6),"◆ "&MID("MoDiMiDoFrSaSo",WEEKDAY($D72,2)*2-1,2),"") | K72: =IF(AND($D72>=K$5,$D72<=K$6),"◆ "&MID("MoDiMiDoFrSaSo",WEEKDAY($D72,2)*2-1,2),"") | L72: =IF(AND($D72>=L$5,$D72<=L$6),"◆ "&MID("MoDiMiDoFrSaSo",WEEKDAY($D72,2)*2-1,2),"") | M72: =IF(AND($D72>=M$5,$D72<=M$6),"◆ "&MID("MoDiMiDoFrSaSo",WEEKDAY($D72,2)*2-1,2),"") | N72: =IF(AND($D72>=N$5,$D72<=N$6),"◆ "&MID("MoDiMiDoFrSaSo",WEEKDAY($D72,2)*2-1,2),"") -> ◆ Mi | O72: =IF(AND($D72>=O$5,$D72<=O$6),"◆ "&MID("MoDiMiDoFrSaSo",WEEKDAY($D72,2)*2-1,2),"") | P72: =IF(AND($D72>=P$5,$D72<=P$6),"◆ "&MID("MoDiMiDoFrSaSo",WEEKDAY($D72,2)*2-1,2),"") | Q72: =IF(AND($D72>=Q$5,$D72<=Q$6),"◆ "&MID("MoDiMiDoFrSaSo",WEEKDAY($D72,2)*2-1,2),"") | ... AF72: =IF(AND($D72>=AF$5,$D72<=AF$6),"◆ "&MID("MoDiMiDoFrSaSo",WEEKDAY($D72,2)*2-1,2),"")
A73: 7.6 | B73: Protokoll-Einlage + Reflexion schreiben | C73: Beide | D73: 46359 | E73: 46364 | F73: =IF(H73="M","",E73-D73+1) -> 6 | G73: offen | H73: A | J73: =IF(AND($D73<=J$6,$E73>=J$5),1,"") | K73: =IF(AND($D73<=K$6,$E73>=K$5),1,"") | L73: =IF(AND($D73<=L$6,$E73>=L$5),1,"") | M73: =IF(AND($D73<=M$6,$E73>=M$5),1,"") | N73: =IF(AND($D73<=N$6,$E73>=N$5),1,"") | O73: =IF(AND($D73<=O$6,$E73>=O$5),1,"") | P73: =IF(AND($D73<=P$6,$E73>=P$5),1,"") | Q73: =IF(AND($D73<=Q$6,$E73>=Q$5),1,"") -> 1 | ... AF73: =IF(AND($D73<=AF$6,$E73>=AF$5),1,"")
A74: 7.7 | B74: ◆ Abgabe Protokoll Praktikumstag | C74: Beide | D74: =Termine!$B$10 -> 46365 | E74: =D74 -> 46365 | F74: =IF(H74="M","",E74-D74+1) | G74: offen | H74: M | J74: =IF(AND($D74>=J$5,$D74<=J$6),"◆ "&MID("MoDiMiDoFrSaSo",WEEKDAY($D74,2)*2-1,2),"") | K74: =IF(AND($D74>=K$5,$D74<=K$6),"◆ "&MID("MoDiMiDoFrSaSo",WEEKDAY($D74,2)*2-1,2),"") | L74: =IF(AND($D74>=L$5,$D74<=L$6),"◆ "&MID("MoDiMiDoFrSaSo",WEEKDAY($D74,2)*2-1,2),"") | M74: =IF(AND($D74>=M$5,$D74<=M$6),"◆ "&MID("MoDiMiDoFrSaSo",WEEKDAY($D74,2)*2-1,2),"") | N74: =IF(AND($D74>=N$5,$D74<=N$6),"◆ "&MID("MoDiMiDoFrSaSo",WEEKDAY($D74,2)*2-1,2),"") | O74: =IF(AND($D74>=O$5,$D74<=O$6),"◆ "&MID("MoDiMiDoFrSaSo",WEEKDAY($D74,2)*2-1,2),"") | P74: =IF(AND($D74>=P$5,$D74<=P$6),"◆ "&MID("MoDiMiDoFrSaSo",WEEKDAY($D74,2)*2-1,2),"") | Q74: =IF(AND($D74>=Q$5,$D74<=Q$6),"◆ "&MID("MoDiMiDoFrSaSo",WEEKDAY($D74,2)*2-1,2),"") | ... AF74: =IF(AND($D74>=AF$5,$D74<=AF$6),"◆ "&MID("MoDiMiDoFrSaSo",WEEKDAY($D74,2)*2-1,2),"")
A75: 7.8 | B75: Messergebnis-Einlage schreiben | C75: Beide | D75: 46401 | E75: 46406 | F75: =IF(H75="M","",E75-D75+1) -> 6 | G75: offen | H75: A | J75: =IF(AND($D75<=J$6,$E75>=J$5),1,"") | K75: =IF(AND($D75<=K$6,$E75>=K$5),1,"") | L75: =IF(AND($D75<=L$6,$E75>=L$5),1,"") | M75: =IF(AND($D75<=M$6,$E75>=M$5),1,"") | N75: =IF(AND($D75<=N$6,$E75>=N$5),1,"") | O75: =IF(AND($D75<=O$6,$E75>=O$5),1,"") | P75: =IF(AND($D75<=P$6,$E75>=P$5),1,"") | Q75: =IF(AND($D75<=Q$6,$E75>=Q$5),1,"") | ... AF75: =IF(AND($D75<=AF$6,$E75>=AF$5),1,"")
A76: 7.9 | B76: ◆ Abgabe Messergebnis + Reflexion | C76: Beide | D76: =Termine!$B$11 -> 46407 | E76: =D76 -> 46407 | F76: =IF(H76="M","",E76-D76+1) | G76: offen | H76: M | J76: =IF(AND($D76>=J$5,$D76<=J$6),"◆ "&MID("MoDiMiDoFrSaSo",WEEKDAY($D76,2)*2-1,2),"") | K76: =IF(AND($D76>=K$5,$D76<=K$6),"◆ "&MID("MoDiMiDoFrSaSo",WEEKDAY($D76,2)*2-1,2),"") | L76: =IF(AND($D76>=L$5,$D76<=L$6),"◆ "&MID("MoDiMiDoFrSaSo",WEEKDAY($D76,2)*2-1,2),"") | M76: =IF(AND($D76>=M$5,$D76<=M$6),"◆ "&MID("MoDiMiDoFrSaSo",WEEKDAY($D76,2)*2-1,2),"") | N76: =IF(AND($D76>=N$5,$D76<=N$6),"◆ "&MID("MoDiMiDoFrSaSo",WEEKDAY($D76,2)*2-1,2),"") | O76: =IF(AND($D76>=O$5,$D76<=O$6),"◆ "&MID("MoDiMiDoFrSaSo",WEEKDAY($D76,2)*2-1,2),"") | P76: =IF(AND($D76>=P$5,$D76<=P$6),"◆ "&MID("MoDiMiDoFrSaSo",WEEKDAY($D76,2)*2-1,2),"") | Q76: =IF(AND($D76>=Q$5,$D76<=Q$6),"◆ "&MID("MoDiMiDoFrSaSo",WEEKDAY($D76,2)*2-1,2),"") | ... AF76: =IF(AND($D76>=AF$5,$D76<=AF$6),"◆ "&MID("MoDiMiDoFrSaSo",WEEKDAY($D76,2)*2-1,2),"")
A77: 7.10 | B77: ◆ Anmeldung mündliche Prüfung (Portal) | C77: Beide | D77: =Termine!$B$12 -> 46410 | E77: =D77 -> 46410 | F77: =IF(H77="M","",E77-D77+1) | G77: offen | H77: M | J77: =IF(AND($D77>=J$5,$D77<=J$6),"◆ "&MID("MoDiMiDoFrSaSo",WEEKDAY($D77,2)*2-1,2),"") | K77: =IF(AND($D77>=K$5,$D77<=K$6),"◆ "&MID("MoDiMiDoFrSaSo",WEEKDAY($D77,2)*2-1,2),"") | L77: =IF(AND($D77>=L$5,$D77<=L$6),"◆ "&MID("MoDiMiDoFrSaSo",WEEKDAY($D77,2)*2-1,2),"") | M77: =IF(AND($D77>=M$5,$D77<=M$6),"◆ "&MID("MoDiMiDoFrSaSo",WEEKDAY($D77,2)*2-1,2),"") | N77: =IF(AND($D77>=N$5,$D77<=N$6),"◆ "&MID("MoDiMiDoFrSaSo",WEEKDAY($D77,2)*2-1,2),"") | O77: =IF(AND($D77>=O$5,$D77<=O$6),"◆ "&MID("MoDiMiDoFrSaSo",WEEKDAY($D77,2)*2-1,2),"") | P77: =IF(AND($D77>=P$5,$D77<=P$6),"◆ "&MID("MoDiMiDoFrSaSo",WEEKDAY($D77,2)*2-1,2),"") | Q77: =IF(AND($D77>=Q$5,$D77<=Q$6),"◆ "&MID("MoDiMiDoFrSaSo",WEEKDAY($D77,2)*2-1,2),"") | ... AF77: =IF(AND($D77>=AF$5,$D77<=AF$6),"◆ "&MID("MoDiMiDoFrSaSo",WEEKDAY($D77,2)*2-1,2),"")
A78: 7.11 | B78: Vortragsreflexion schreiben | C78: Beide | D78: 46416 | E78: 46424 | F78: =IF(H78="M","",E78-D78+1) -> 9 | G78: offen | H78: A | J78: =IF(AND($D78<=J$6,$E78>=J$5),1,"") | K78: =IF(AND($D78<=K$6,$E78>=K$5),1,"") | L78: =IF(AND($D78<=L$6,$E78>=L$5),1,"") | M78: =IF(AND($D78<=M$6,$E78>=M$5),1,"") | N78: =IF(AND($D78<=N$6,$E78>=N$5),1,"") | O78: =IF(AND($D78<=O$6,$E78>=O$5),1,"") | P78: =IF(AND($D78<=P$6,$E78>=P$5),1,"") | Q78: =IF(AND($D78<=Q$6,$E78>=Q$5),1,"") | ... AF78: =IF(AND($D78<=AF$6,$E78>=AF$5),1,"")
A79: 7.12 | B79: ◆ Abgabe Vortrag + Reflexion (empfohlen) | C79: Beide | D79: =Termine!$B$15 -> 46425 | E79: =D79 -> 46425 | F79: =IF(H79="M","",E79-D79+1) | G79: offen | H79: M | J79: =IF(AND($D79>=J$5,$D79<=J$6),"◆ "&MID("MoDiMiDoFrSaSo",WEEKDAY($D79,2)*2-1,2),"") | K79: =IF(AND($D79>=K$5,$D79<=K$6),"◆ "&MID("MoDiMiDoFrSaSo",WEEKDAY($D79,2)*2-1,2),"") | L79: =IF(AND($D79>=L$5,$D79<=L$6),"◆ "&MID("MoDiMiDoFrSaSo",WEEKDAY($D79,2)*2-1,2),"") | M79: =IF(AND($D79>=M$5,$D79<=M$6),"◆ "&MID("MoDiMiDoFrSaSo",WEEKDAY($D79,2)*2-1,2),"") | N79: =IF(AND($D79>=N$5,$D79<=N$6),"◆ "&MID("MoDiMiDoFrSaSo",WEEKDAY($D79,2)*2-1,2),"") | O79: =IF(AND($D79>=O$5,$D79<=O$6),"◆ "&MID("MoDiMiDoFrSaSo",WEEKDAY($D79,2)*2-1,2),"") | P79: =IF(AND($D79>=P$5,$D79<=P$6),"◆ "&MID("MoDiMiDoFrSaSo",WEEKDAY($D79,2)*2-1,2),"") | Q79: =IF(AND($D79>=Q$5,$D79<=Q$6),"◆ "&MID("MoDiMiDoFrSaSo",WEEKDAY($D79,2)*2-1,2),"") | ... AF79: =IF(AND($D79>=AF$5,$D79<=AF$6),"◆ "&MID("MoDiMiDoFrSaSo",WEEKDAY($D79,2)*2-1,2),"")
A80: 7.13 | B80: Aussage aus anderem Vortrag + Reflexion schreiben | C80: Beide | D80: 46426 | E80: 46438 | F80: =IF(H80="M","",E80-D80+1) -> 13 | G80: offen | H80: A | J80: =IF(AND($D80<=J$6,$E80>=J$5),1,"") | K80: =IF(AND($D80<=K$6,$E80>=K$5),1,"") | L80: =IF(AND($D80<=L$6,$E80>=L$5),1,"") | M80: =IF(AND($D80<=M$6,$E80>=M$5),1,"") | N80: =IF(AND($D80<=N$6,$E80>=N$5),1,"") | O80: =IF(AND($D80<=O$6,$E80>=O$5),1,"") | P80: =IF(AND($D80<=P$6,$E80>=P$5),1,"") | Q80: =IF(AND($D80<=Q$6,$E80>=Q$5),1,"") | ... AF80: =IF(AND($D80<=AF$6,$E80>=AF$5),1,"")
A81: 7.14 | B81: ◆ Abgabe Aussage anderer Vortrag (empfohlen) | C81: Beide | D81: =Termine!$B$16 -> 46439 | E81: =D81 -> 46439 | F81: =IF(H81="M","",E81-D81+1) | G81: offen | H81: M | J81: =IF(AND($D81>=J$5,$D81<=J$6),"◆ "&MID("MoDiMiDoFrSaSo",WEEKDAY($D81,2)*2-1,2),"") | K81: =IF(AND($D81>=K$5,$D81<=K$6),"◆ "&MID("MoDiMiDoFrSaSo",WEEKDAY($D81,2)*2-1,2),"") | L81: =IF(AND($D81>=L$5,$D81<=L$6),"◆ "&MID("MoDiMiDoFrSaSo",WEEKDAY($D81,2)*2-1,2),"") | M81: =IF(AND($D81>=M$5,$D81<=M$6),"◆ "&MID("MoDiMiDoFrSaSo",WEEKDAY($D81,2)*2-1,2),"") | N81: =IF(AND($D81>=N$5,$D81<=N$6),"◆ "&MID("MoDiMiDoFrSaSo",WEEKDAY($D81,2)*2-1,2),"") | O81: =IF(AND($D81>=O$5,$D81<=O$6),"◆ "&MID("MoDiMiDoFrSaSo",WEEKDAY($D81,2)*2-1,2),"") | P81: =IF(AND($D81>=P$5,$D81<=P$6),"◆ "&MID("MoDiMiDoFrSaSo",WEEKDAY($D81,2)*2-1,2),"") | Q81: =IF(AND($D81>=Q$5,$D81<=Q$6),"◆ "&MID("MoDiMiDoFrSaSo",WEEKDAY($D81,2)*2-1,2),"") | ... AF81: =IF(AND($D81>=AF$5,$D81<=AF$6),"◆ "&MID("MoDiMiDoFrSaSo",WEEKDAY($D81,2)*2-1,2),"")
A82: 7.15 | B82: Einleitung + Gesamtreflexion schreiben | C82: Beide | D82: 46440 | E82: 46453 | F82: =IF(H82="M","",E82-D82+1) -> 14 | G82: offen | H82: A | J82: =IF(AND($D82<=J$6,$E82>=J$5),1,"") | K82: =IF(AND($D82<=K$6,$E82>=K$5),1,"") | L82: =IF(AND($D82<=L$6,$E82>=L$5),1,"") | M82: =IF(AND($D82<=M$6,$E82>=M$5),1,"") | N82: =IF(AND($D82<=N$6,$E82>=N$5),1,"") | O82: =IF(AND($D82<=O$6,$E82>=O$5),1,"") | P82: =IF(AND($D82<=P$6,$E82>=P$5),1,"") | Q82: =IF(AND($D82<=Q$6,$E82>=Q$5),1,"") | ... AF82: =IF(AND($D82<=AF$6,$E82>=AF$5),1,"")
A83: 7.16 | B83: ◆ Anmeldung schriftlicher Teil (Portal) | C83: Beide | D83: =Termine!$B$17 -> 46456 | E83: =D83 -> 46456 | F83: =IF(H83="M","",E83-D83+1) | G83: offen | H83: M | J83: =IF(AND($D83>=J$5,$D83<=J$6),"◆ "&MID("MoDiMiDoFrSaSo",WEEKDAY($D83,2)*2-1,2),"") | K83: =IF(AND($D83>=K$5,$D83<=K$6),"◆ "&MID("MoDiMiDoFrSaSo",WEEKDAY($D83,2)*2-1,2),"") | L83: =IF(AND($D83>=L$5,$D83<=L$6),"◆ "&MID("MoDiMiDoFrSaSo",WEEKDAY($D83,2)*2-1,2),"") | M83: =IF(AND($D83>=M$5,$D83<=M$6),"◆ "&MID("MoDiMiDoFrSaSo",WEEKDAY($D83,2)*2-1,2),"") | N83: =IF(AND($D83>=N$5,$D83<=N$6),"◆ "&MID("MoDiMiDoFrSaSo",WEEKDAY($D83,2)*2-1,2),"") | O83: =IF(AND($D83>=O$5,$D83<=O$6),"◆ "&MID("MoDiMiDoFrSaSo",WEEKDAY($D83,2)*2-1,2),"") | P83: =IF(AND($D83>=P$5,$D83<=P$6),"◆ "&MID("MoDiMiDoFrSaSo",WEEKDAY($D83,2)*2-1,2),"") | Q83: =IF(AND($D83>=Q$5,$D83<=Q$6),"◆ "&MID("MoDiMiDoFrSaSo",WEEKDAY($D83,2)*2-1,2),"") | ... AF83: =IF(AND($D83>=AF$5,$D83<=AF$6),"◆ "&MID("MoDiMiDoFrSaSo",WEEKDAY($D83,2)*2-1,2),"")
A84: 7.17 | B84: Korrektur + Puffer (grüne Hinweise raus!) | C84: Beide | D84: 46454 | E84: 46459 | F84: =IF(H84="M","",E84-D84+1) -> 6 | G84: offen | H84: A | J84: =IF(AND($D84<=J$6,$E84>=J$5),1,"") | K84: =IF(AND($D84<=K$6,$E84>=K$5),1,"") | L84: =IF(AND($D84<=L$6,$E84>=L$5),1,"") | M84: =IF(AND($D84<=M$6,$E84>=M$5),1,"") | N84: =IF(AND($D84<=N$6,$E84>=N$5),1,"") | O84: =IF(AND($D84<=O$6,$E84>=O$5),1,"") | P84: =IF(AND($D84<=P$6,$E84>=P$5),1,"") | Q84: =IF(AND($D84<=Q$6,$E84>=Q$5),1,"") | ... AF84: =IF(AND($D84<=AF$6,$E84>=AF$5),1,"")
A85: 7.18 | B85: ◆ Endabgabe Portfolio | C85: Beide | D85: =Termine!$B$18 -> 46461 | E85: =D85 -> 46461 | F85: =IF(H85="M","",E85-D85+1) | G85: offen | H85: M | J85: =IF(AND($D85>=J$5,$D85<=J$6),"◆ "&MID("MoDiMiDoFrSaSo",WEEKDAY($D85,2)*2-1,2),"") | K85: =IF(AND($D85>=K$5,$D85<=K$6),"◆ "&MID("MoDiMiDoFrSaSo",WEEKDAY($D85,2)*2-1,2),"") | L85: =IF(AND($D85>=L$5,$D85<=L$6),"◆ "&MID("MoDiMiDoFrSaSo",WEEKDAY($D85,2)*2-1,2),"") | M85: =IF(AND($D85>=M$5,$D85<=M$6),"◆ "&MID("MoDiMiDoFrSaSo",WEEKDAY($D85,2)*2-1,2),"") | N85: =IF(AND($D85>=N$5,$D85<=N$6),"◆ "&MID("MoDiMiDoFrSaSo",WEEKDAY($D85,2)*2-1,2),"") | O85: =IF(AND($D85>=O$5,$D85<=O$6),"◆ "&MID("MoDiMiDoFrSaSo",WEEKDAY($D85,2)*2-1,2),"") | P85: =IF(AND($D85>=P$5,$D85<=P$6),"◆ "&MID("MoDiMiDoFrSaSo",WEEKDAY($D85,2)*2-1,2),"") | Q85: =IF(AND($D85>=Q$5,$D85<=Q$6),"◆ "&MID("MoDiMiDoFrSaSo",WEEKDAY($D85,2)*2-1,2),"") | ... AF85: =IF(AND($D85>=AF$5,$D85<=AF$6),"◆ "&MID("MoDiMiDoFrSaSo",WEEKDAY($D85,2)*2-1,2),"") -> ◆ Mo

Sheet Termine
B2: Termine & Quellen
B3: Projektpraktikum WS 26/27 · Dynamik Keltischer Wackelsteine · Kristijan & Janosch
B5: Datum | C5: Tag | D5: KW | E5: Abgabe / Termin | F5: Art | G5: Quelle | H5: noch Tage
B6: 46310 | C6: =MID("MoDiMiDoFrSaSo",WEEKDAY(B6,2)*2-1,2) -> Do | D6: =_xlfn.ISOWEEKNUM(B6) -> 42 | E6: Endgültige Wahl Schwerpunktthema | F6: Pflicht | G6: Moodle (Portfolio-PDF S. 4) | H6: =B6-TODAY() -> -7
B7: 46316 | C7: =MID("MoDiMiDoFrSaSo",WEEKDAY(B7,2)*2-1,2) -> Mi | D7: =_xlfn.ISOWEEKNUM(B7) -> 43 | E7: Motivationsformular | F7: Pflicht | G7: Moodle (Portfolio-PDF S. 4) | H7: =B7-TODAY() -> -1
B8: 46323 | C8: =MID("MoDiMiDoFrSaSo",WEEKDAY(B8,2)*2-1,2) -> Mi | D8: =_xlfn.ISOWEEKNUM(B8) -> 44 | E8: Arbeitsplan + Reflexion | F8: Pflicht | G8: Moodle (Portfolio-PDF S. 4) | H8: =B8-TODAY() -> 6
B9: 46337 | C9: =MID("MoDiMiDoFrSaSo",WEEKDAY(B9,2)*2-1,2) -> Mi | D9: =_xlfn.ISOWEEKNUM(B9) -> 46 | E9: Wissenschaftliche Arbeit + Reflexion | F9: Pflicht | G9: Moodle (Portfolio-PDF S. 4) | H9: =B9-TODAY() -> 20
B10: 46365 | C10: =MID("MoDiMiDoFrSaSo",WEEKDAY(B10,2)*2-1,2) -> Mi | D10: =_xlfn.ISOWEEKNUM(B10) -> 50 | E10: Protokoll eines Praktikumstages + Reflexion | F10: Pflicht | G10: Moodle (Portfolio-PDF S. 4) | H10: =B10-TODAY() -> 48
B11: 46407 | C11: =MID("MoDiMiDoFrSaSo",WEEKDAY(B11,2)*2-1,2) -> Mi | D11: =_xlfn.ISOWEEKNUM(B11) -> 3 | E11: Messergebnis + Reflexion | F11: Pflicht | G11: Moodle (Portfolio-PDF S. 4) | H11: =B11-TODAY() -> 90
B12: 46410 | C12: =MID("MoDiMiDoFrSaSo",WEEKDAY(B12,2)*2-1,2) -> Sa | D12: =_xlfn.ISOWEEKNUM(B12) -> 3 | E12: Anmeldung mündl. Prüfung (Hochschulportal) | F12: Pflicht? | G12: Plan Petros – im Portal prüfen! | H12: =B12-TODAY() -> 93
B13: 46414 | C13: =MID("MoDiMiDoFrSaSo",WEEKDAY(B13,2)*2-1,2) -> Mi | D13: =_xlfn.ISOWEEKNUM(B13) -> 4 | E13: Vortragsfolien + Zusatzmaterial | F13: Pflicht | G13: Moodle (Portfolio-PDF S. 4) | H13: =B13-TODAY() -> 97
B14: 46415 | C14: =MID("MoDiMiDoFrSaSo",WEEKDAY(B14,2)*2-1,2) -> Do | D14: =_xlfn.ISOWEEKNUM(B14) -> 4 | E14: Vorträge Projektpraktikum (Prüfung, Anwesenheitspflicht) | F14: Pflicht | G14: Moodle + Google Kalender | H14: =B14-TODAY() -> 98
B15: 46425 | C15: =MID("MoDiMiDoFrSaSo",WEEKDAY(B15,2)*2-1,2) -> So | D15: =_xlfn.ISOWEEKNUM(B15) -> 5 | E15: Vortragsfolien + Kommentar + Reflexion | F15: empfohlen | G15: Moodle (Portfolio-PDF S. 4) | H15: =B15-TODAY() -> 108
B16: 46439 | C16: =MID("MoDiMiDoFrSaSo",WEEKDAY(B16,2)*2-1,2) -> So | D16: =_xlfn.ISOWEEKNUM(B16) -> 7 | E16: Aussage aus anderem Vortrag + Reflexion | F16: empfohlen | G16: Moodle (Portfolio-PDF S. 4) | H16: =B16-TODAY() -> 122
B17: 46456 | C17: =MID("MoDiMiDoFrSaSo",WEEKDAY(B17,2)*2-1,2) -> Mi | D17: =_xlfn.ISOWEEKNUM(B17) -> 10 | E17: Anmeldung schriftl. Teil (Hochschulportal) | F17: Pflicht? | G17: Plan Petros – im Portal prüfen! | H17: =B17-TODAY() -> 139
B18: 46461 | C18: =MID("MoDiMiDoFrSaSo",WEEKDAY(B18,2)*2-1,2) -> Mo | D18: =_xlfn.ISOWEEKNUM(B18) -> 11 | E18: Endabgabe Portfolio (verspätet = nicht bestanden) | F18: Pflicht | G18: Moodle (Portfolio-PDF S. 4) | H18: =B18-TODAY() -> 144
B21: Praktikumstage (Google Kalender: Do 10–12 Uhr, O26/233 bzw. O26/234)
B22: 46310 | C22: =MID("MoDiMiDoFrSaSo",WEEKDAY(B22,2)*2-1,2) -> Do
B23: 46317 | C23: =MID("MoDiMiDoFrSaSo",WEEKDAY(B23,2)*2-1,2) -> Do
B24: 46324 | C24: =MID("MoDiMiDoFrSaSo",WEEKDAY(B24,2)*2-1,2) -> Do
B25: 46331 | C25: =MID("MoDiMiDoFrSaSo",WEEKDAY(B25,2)*2-1,2) -> Do
B26: 46338 | C26: =MID("MoDiMiDoFrSaSo",WEEKDAY(B26,2)*2-1,2) -> Do
B27: 46345 | C27: =MID("MoDiMiDoFrSaSo",WEEKDAY(B27,2)*2-1,2) -> Do
B28: 46352 | C28: =MID("MoDiMiDoFrSaSo",WEEKDAY(B28,2)*2-1,2) -> Do
B29: 46359 | C29: =MID("MoDiMiDoFrSaSo",WEEKDAY(B29,2)*2-1,2) -> Do
B30: 46366 | C30: =MID("MoDiMiDoFrSaSo",WEEKDAY(B30,2)*2-1,2) -> Do
B31: 46373 | C31: =MID("MoDiMiDoFrSaSo",WEEKDAY(B31,2)*2-1,2) -> Do
B32: 46401 | C32: =MID("MoDiMiDoFrSaSo",WEEKDAY(B32,2)*2-1,2) -> Do
B33: 46408 | C33: =MID("MoDiMiDoFrSaSo",WEEKDAY(B33,2)*2-1,2) -> Do
... B36: 46429 | C36: =MID("MoDiMiDoFrSaSo",WEEKDAY(B36,2)*2-1,2) -> Do
E41: ↑ freie Zeilen für zusätzliche Termine
B44: Praktikumspause
B45: 46374 | C45: bis | D45: 46400 | E45: kein Praktikumstermin im Kalender zwischen 17.12. und 14.01.
B48: So funktioniert der Plan
B49: • | C49: Wer: Dropdown in Spalte C (Arbeitsplan) → Balken färbt sich automatisch in der Personenfarbe.
B50: • | C50: Namen ändern: Legende oben im Arbeitsplan (C2:D2) überschreiben – Dropdown und Farben ziehen mit.
B51: • | C51: Farben ändern: Start → Bedingte Formatierung → Regeln verwalten → Regeln „=$C9=$C$2“ (Person 1) usw. bearbeiten.
B52: • | C52: Termine verschieben: Start/Ende (Spalten D/E) ändern – Balken, Tage und Gruppen-Summen rechnen neu.
B53: • | C53: Abgabedaten nur hier im Blatt Termine ändern – die ◆-Zeilen im Arbeitsplan verweisen hierher.
B54: • | C54: Status: offen / läuft / erledigt. Gruppen zeigen den Fortschritt in %. Überfällige Aufgaben werden rot.
B55: • | C55: Baum ein-/ausklappen: Gliederungsknöpfe 1–4 links oben bzw. +/– am Zeilenrand.
B56: • | C56: Neue Aufgabe: ganze Zeile kopieren → „Kopierte Zellen einfügen“ innerhalb der Gruppe; Typ in Spalte H (ausgeblendet) A/M/G.
B57: • | C57: Blaue Schrift = Eingabewerte.
